pid,localization,charge,orthoscore,mfprob,domainscore,mtp,stp,other,pred,rc
hsap17148,1,0.162,1,0.362,0.301,0.688,0.612,0.005,1,5
dmel6981,1,0.286,1,0.951,0.5,0.868,0.034,0.16,1,2
hsap18275,1,0,1,0.011,0.005,0.658,0.107,0.284,1,4
hsap6392,1,0.222,1,0.996,0.833,0.895,0.027,0.154,1,2
hsap6468,1,-0.067,1,0,0.003,0.121,0.247,0.724,0,3
hsap13264,1,-0.033,1,0.011,0.689,0.056,0.732,0.52,0,4
hsap15472,1,0.036,1,0.019,0,0.148,0.113,0.784,0,2
dmel1259,1,0.032,1,0.461,1,0.424,0.069,0.414,1,5
dmel11271,1,0.059,1,0.003,1,0.096,0.222,0.739,0,3
hsap5801,1,0,1,0.001,0.533,0.118,0.115,0.828,0,2
hsap3495,1,0.078,1,0.147,1,0.265,0.345,0.457,0,5
dmel11580,1,0.2,1,0.99,0.75,0.627,0.14,0.24,1,4
hsap6310,1,0.138,1,0.999,1,0.943,0.015,0.077,1,1
hsap20398,1,0.065,1,0.003,1,0.084,0.311,0.66,0,4
hsap19024,1,0.024,1,0,0.5,0.136,0.138,0.837,0,2
dmel10742,1,0.122,1,0.935,1,0.89,0.044,0.102,1,2
dmel4488,1,0.113,1,0.127,0,0.635,0.041,0.386,1,4
dmel5852,1,0.2,1,0.1,0.292,0.295,0.053,0.671,0,4
dmel5261,1,0.138,1,0.969,0.389,0.852,0.035,0.139,1,2
dmel11248,1,0.174,1,0.873,0,0.889,0.014,0.242,1,2
hsap5059,1,0.074,1,0.063,0,0.725,0.05,0.259,1,3
hsap5443,1,0.043,1,0.007,1,0.06,0.086,0.924,0,1
hsap8614,1,0.071,1,0.02,0.167,0.033,0.969,0.017,0,1
dmel7326,1,0.182,1,0.957,1,0.925,0.013,0.165,1,2
dmel11798,1,0.088,1,0,0.75,0.097,0.057,0.919,0,1
hsap5516,1,0.857,1,0,0.068,0.35,0.035,0.642,0,4
dmel5146,1,0.148,1,0.385,1,0.86,0.051,0.153,1,2
hsap10749,1,0.016,1,0.08,0.287,0.298,0.092,0.623,0,4
hsap9671,1,0.263,1,0.98,0.567,0.956,0.022,0.053,1,1
dmel11486,1,0.238,1,0.825,0.5,0.932,0.004,0.223,1,2
hsap15802,1,0.067,1,0.007,0.689,0.031,0.102,0.964,0,1
hsap12435,1,0.032,1,0.002,1,0.055,0.284,0.575,0,4
dmel6424,1,-0.031,1,0.013,0.308,0.043,0.964,0.034,0,1
hsap9223,1,-0.135,1,0,0.233,0.106,0.125,0.839,0,2
hsap17067,1,0.132,1,0.154,0,0.425,0.099,0.413,1,5
hsap19813,1,0.132,1,0.541,0.1,0.604,0.1,0.244,1,4
hsap19056,1,0.13,1,0.865,0.5,0.682,0.071,0.255,1,3
dmel6167,1,0.273,1,0.552,0.41,0.786,0.024,0.301,1,3
hsap13969,1,0.108,1,0.249,0.5,0.883,0.019,0.205,1,2
hsap13085,1,0,1,0,0,0.228,0.056,0.793,0,3
hsap3491,1,0.078,1,0.002,0.13,0.073,0.099,0.899,0,2
hsap9237,1,0.034,1,0.003,0.176,0.022,0.911,0.103,0,1
hsap6632,1,0.107,1,0,0.162,0.263,0.876,0.01,0,2
hsap20590,1,-0.022,1,0,0.5,0.068,0.054,0.939,0,1
hsap17982,1,-0.207,1,0,0.35,0.08,0.148,0.889,0,2
hsap3430,1,-0.042,1,0.001,0.039,0.079,0.118,0.884,0,2
hsap8040,1,-0.076,1,0,0.375,0.115,0.06,0.859,0,2
hsap15652,1,0.074,1,0.922,1,0.581,0.079,0.182,1,4
hsap15474,1,-0.143,1,0,0.393,0.05,0.041,0.962,0,1
dmel6061,1,0.148,1,0.934,0.618,0.894,0.017,0.136,1,2
hsap14677,1,0.12,0,0.749,0,0.766,0.112,0.148,1,2
hsap8767,1,0.114,1,0.075,0.067,0.102,0.175,0.849,0,2
hsap15785,1,0.107,1,0.99,0.45,0.869,0.11,0.079,1,2
dmel8569,1,0.115,1,0.752,1,0.868,0.037,0.149,1,2
dmel5613,1,0.05,1,0.002,1,0.258,0.121,0.668,0,3
hsap19586,1,0,1,0.032,0.292,0.722,0.056,0.192,1,3
hsap13828,1,0.111,1,0.01,0,0.081,0.152,0.847,0,2
hsap9108,1,0,1,0.001,0.095,0.119,0.041,0.907,0,2
hsap7773,1,0.091,1,0.003,0.25,0.627,0.032,0.447,1,5
dmel8585,1,0.071,1,0.075,1,0.257,0.075,0.663,0,3
hsap8282,1,0.152,1,0.996,0.763,0.93,0.023,0.13,1,1
hsap10079,1,0.067,1,0.039,0.484,0.573,0.132,0.289,1,4
hsap6781,1,0.188,1,0.223,0.58,0.963,0.013,0.07,1,1
hsap20527,1,-0.233,1,0,0.25,0.065,0.107,0.906,0,2
hsap5655,1,0.065,1,0.038,0.667,0.414,0.026,0.624,0,4
hsap13797,1,0.148,1,0.93,1,0.951,0.032,0.082,1,1
hsap4327,1,0.075,1,0.786,0.833,0.561,0.074,0.265,1,4
hsap18515,1,0.122,1,0.006,0.094,0.204,0.088,0.556,0,4
hsap18260,1,0.179,1,0.788,0.361,0.865,0.013,0.247,1,2
dmel13092,1,0,1,0.001,0,0.258,0.039,0.742,0,3
hsap2331,1,-0.038,1,0,0.281,0.075,0.216,0.871,0,2
dmel2535,1,0.294,1,0.624,1,0.894,0.041,0.106,1,2
dmel8763,1,0.078,1,0.756,1,0.8,0.048,0.239,1,3
hsap4929,1,0.095,1,0.003,0.583,0.217,0.04,0.845,0,2
dmel11398,1,0.222,1,0.627,0.929,0.763,0.046,0.22,1,3
hsap16986,1,0.062,1,0.081,0.1,0.621,0.044,0.437,1,5
dmel9748,1,0.038,0,0.099,0.5,0.559,0.073,0.343,1,4
hsap16815,1,-0.333,1,0,0,0.075,0.201,0.847,0,2
hsap4900,1,0.2,1,0.103,0.25,0.731,0.045,0.227,1,3
hsap5165,1,0.15,1,0.152,1,0.843,0.025,0.244,1,3
dmel10917,1,0.167,1,0.99,1,0.744,0.076,0.088,1,2
hsap20215,1,-0.111,1,0.002,0.055,0.049,0.07,0.955,0,1
hsap18409,1,0.222,1,0.509,0.037,0.616,0.034,0.31,1,4
hsap14499,1,0.023,1,0.051,0,0.092,0.134,0.721,0,3
dmel11531,1,-0.035,1,0.008,0.733,0.033,0.461,0.668,0,4
hsap6693,1,0.067,1,0.016,0.222,0.493,0.24,0.127,1,4
hsap6384,1,0.15,1,0.969,1,0.944,0.031,0.047,1,1
hsap6587,1,0.093,1,0.419,1,0.786,0.035,0.16,1,2
hsap20872,1,0.174,1,0.928,0.5,0.889,0.021,0.106,1,2
dmel944,1,0,1,0.002,0.952,0.061,0.357,0.698,0,4
dmel5928,1,0.093,1,0.988,1,0.92,0.012,0.112,1,1
dmel5442,1,0.065,1,0,0.083,0.093,0.069,0.873,0,2
hsap7305,1,0.059,1,0.002,1,0.214,0.184,0.57,0,4
hsap12806,1,0.028,1,0.032,0.022,0.02,0.454,0.583,0,5
dmel1744,1,0.174,1,0.027,0.4,0.05,0.691,0.359,0,4
dmel12638,1,0.154,1,0.457,0.583,0.299,0.108,0.448,0,5
dmel7776,1,0.211,1,0.955,0.167,0.906,0.025,0.144,1,2
dmel6989,1,0.083,1,0.895,1,0.914,0.005,0.238,1,2
hsap6922,1,0.05,1,0.422,0.833,0.409,0.058,0.327,1,5
hsap11107,1,0.065,1,0.006,0.484,0.032,0.992,0.02,0,1
dmel2956,1,-0.108,1,0,0.049,0.076,0.069,0.92,0,1
dmel3153,1,-0.012,1,0,0.75,0.059,0.086,0.931,0,1
hsap2895,1,0.083,1,0.593,0.5,0.826,0.07,0.118,1,2
hsap14797,1,0.109,1,0.069,1,0.519,0.163,0.178,1,4
dmel11616,1,0.227,1,0.191,0.8,0.797,0.032,0.251,1,3
hsap16214,1,-0.105,1,0.001,1,0.163,0.043,0.843,0,2
dmel2622,1,0.133,1,0.511,1,0.82,0.054,0.154,1,2
dmel3879,1,-0.108,1,0,0.024,0.041,0.089,0.946,0,1
hsap5744,1,0.231,1,0.997,1,0.946,0.066,0.039,1,1
hsap7650,1,0.122,1,0.138,0.75,0.757,0.043,0.305,1,3
dmel1556,1,0.032,0,0.002,0,0.735,0.127,0.096,1,2
hsap4936,1,0,1,0.009,0.667,0.03,0.952,0.074,0,1
hsap3918,1,0.087,1,0.024,0.233,0.319,0.14,0.493,0,5
hsap13367,1,0.163,1,0.999,0.75,0.827,0.014,0.327,1,3
hsap18965,1,-0.208,1,0,1,0.065,0.027,0.967,0,1
dmel13166,1,0.235,1,0.772,0.817,0.901,0.013,0.195,1,2
hsap17278,1,-0.065,1,0.002,0.086,0.095,0.089,0.904,0,1
hsap2973,1,0.125,1,0.197,0.042,0.334,0.832,0.014,0,3
dmel7487,1,0.179,1,0.989,0.5,0.901,0.022,0.133,1,2
dmel2826,1,0,1,0.001,0.167,0.058,0.062,0.943,0,1
dmel10420,1,0.047,1,0.009,0.952,0.244,0.018,0.869,0,2
hsap4979,1,0.156,1,0.113,0.9,0.822,0.129,0.034,1,2
hsap19981,1,0,1,0.001,0.301,0.05,0.088,0.95,0,1
hsap17355,1,0.192,1,0.999,1,0.891,0.035,0.123,1,2
hsap5578,1,0.156,1,0.996,0.775,0.962,0.046,0.044,1,1
dmel13214,1,0.238,1,0.999,1,0.892,0.019,0.2,1,2
dmel10459,1,0.034,1,0.009,1,0.025,0.27,0.934,0,2
dmel4772,1,0.25,1,0.944,0.304,0.785,0.211,0.097,1,3
dmel3491,1,-0.093,1,0.001,0.571,0.081,0.068,0.923,0,1
dmel2631,1,-0.024,1,0.001,0.5,0.023,0.874,0.601,0,4
hsap9537,1,0,1,0.007,0.689,0.055,0.605,0.523,0,5
dmel7645,1,0.125,1,0.318,0.75,0.855,0.035,0.199,1,2
hsap8638,1,0.174,1,0.753,0.393,0.906,0.033,0.09,1,1
hsap15957,1,0.154,1,0.297,0,0.443,0.163,0.293,1,5
hsap2135,1,-0.032,1,0,0.433,0.102,0.126,0.777,0,2
dmel481,1,0.156,1,0.154,1,0.657,0.13,0.135,1,3
dmel4221,1,0.111,1,0.671,1,0.889,0.037,0.132,1,2
hsap8071,1,0.046,1,0.455,0.763,0.488,0.058,0.479,1,5
dmel12015,1,0.13,1,0.983,0.733,0.948,0.008,0.133,1,1
dmel4089,1,0.067,1,0.049,0.75,0.073,0.919,0.029,0,1
dmel11533,1,0.25,1,0.999,0.833,0.881,0.031,0.154,1,2
hsap2732,1,-0.09,1,0,0.5,0.101,0.054,0.922,0,1
hsap3581,1,0.1,1,0.031,0.365,0.049,0.723,0.203,0,3
hsap8994,1,0.031,1,0.001,0.464,0.014,0.996,0.021,0,1
hsap9400,1,0.02,1,0,0,0.078,0.069,0.93,0,1
hsap18951,1,0.093,1,0.831,1,0.785,0.064,0.209,1,3
hsap3642,1,0.167,1,0.02,0,0.684,0.029,0.368,1,4
dmel13347,1,0.158,1,0.767,0.833,0.683,0.034,0.326,1,4
hsap10762,1,0.25,0,0.996,0.158,0.933,0.077,0.035,1,1
hsap20690,1,0.462,1,0.001,0.373,0.156,0.913,0.022,0,2
dmel12341,1,-0.033,1,0.003,1,0.02,0.764,0.393,0,4
hsap15753,1,0.015,1,0.001,0.136,0.057,0.265,0.836,0,3
hsap7965,1,-0.111,1,0,0.167,0.196,0.022,0.9,0,2
hsap15485,1,0.027,1,0.01,0.5,0.275,0.105,0.453,0,5
dmel13078,1,0.088,1,0.996,1,0.903,0.069,0.045,1,1
dmel7586,1,0.188,1,0.726,0.667,0.888,0.03,0.178,1,2
hsap7320,1,0.045,1,0.007,0,0.417,0.047,0.554,0,5
dmel6113,1,0.049,1,0.006,0.333,0.032,0.71,0.374,0,4
hsap5219,1,0.235,1,0.839,0.5,0.791,0.04,0.209,1,3
hsap7509,1,0.158,1,0.293,0.171,0.548,0.044,0.438,1,5
dmel2125,1,0.037,0,0.001,0.017,0.525,0.026,0.488,1,5
hsap9818,1,0.116,1,0.402,0.542,0.742,0.032,0.278,1,3
dmel9658,1,0.095,1,0.092,0.389,0.524,0.064,0.332,1,5
hsap19086,1,0,1,0.001,0,0.137,0.047,0.896,0,2
hsap6102,1,0.25,1,0.999,0.833,0.888,0.055,0.067,1,1
hsap19188,1,0,1,0,0.206,0.023,0.956,0.04,0,1
dmel13384,1,0,1,0.013,0.13,0.134,0.092,0.845,0,2
dmel5210,1,0.19,0,0.837,0,0.517,0.118,0.247,1,4
dmel6075,1,0.1,1,0.077,1,0.091,0.1,0.867,0,2
hsap3067,1,0.111,1,0.894,1,0.876,0.04,0.103,1,2
dmel8011,1,-0.06,1,0.014,0.275,0.025,0.175,0.925,0,2
dmel8812,1,0.125,1,0.582,0.17,0.545,0.497,0.02,1,5
dmel2515,1,0.182,1,0.574,1,0.867,0.031,0.166,1,2
dmel4705,1,0.263,1,0.91,0.132,0.702,0.024,0.289,1,3
hsap20562,1,0,1,0,0.263,0.011,0.989,0.037,0,1
hsap4109,1,0.095,1,0.01,0.75,0.113,0.237,0.683,0,3
hsap11278,1,0.036,1,0.014,0.5,0.03,0.842,0.121,0,2
dmel6725,1,0.158,1,0.957,1,0.878,0.027,0.154,1,2
hsap5770,1,0.294,1,0.012,0,0.433,0.022,0.659,0,4
dmel11078,1,0.176,1,0.848,0.618,0.847,0.046,0.12,1,2
hsap11395,1,0.043,1,0.019,1,0.418,0.295,0.136,1,5
mmus21156,1,0.172,0,0.006,0,0.681,0.081,0.251,1,3
hsap16445,1,-0.071,1,0.001,0.417,0.057,0.248,0.817,0,3
hsap17699,1,0.051,1,0.464,0.583,0.302,0.056,0.615,0,4
dmel3490,1,0.2,1,0.353,0.17,0.566,0.047,0.41,1,5
hsap6124,1,0.088,1,0.002,1,0.215,0.039,0.843,0,2
hsap12392,1,0,1,0.002,0.25,0.141,0.156,0.697,0,3
hsap10422,1,0.176,1,0.515,0,0.849,0.024,0.16,1,2
hsap18441,1,0.111,0,0.003,0,0.847,0.016,0.316,1,3
hsap8992,1,0.171,1,0.717,0,0.741,0.156,0.09,1,3
hsap8647,1,0.036,1,0.001,0.5,0.024,0.973,0.043,0,1
hsap5545,1,0.16,1,0.004,0.5,0.588,0.03,0.417,1,5
hsap2361,1,-0.077,1,0.001,0.62,0.123,0.064,0.869,0,2
hsap3446,1,0.096,1,0.979,1,0.827,0.184,0.075,1,2
dmel1999,1,0.042,1,0.001,0.038,0.194,0.027,0.824,0,2
dmel4791,1,0.062,1,0.002,0.952,0.069,0.057,0.941,0,1
hsap6738,1,0.122,1,0.003,0.128,0.299,0.055,0.568,0,4
dmel2256,1,0.2,0,0.676,0.234,0.708,0.054,0.238,1,3
hsap16524,1,0.18,1,0.716,0,0.821,0.246,0.035,1,3
dmel8087,1,0.118,1,0.001,0.583,0.311,0.146,0.509,0,5
dmel6772,1,-0.023,1,0.001,1,0.059,0.661,0.632,0,5
hsap5274,1,0.167,1,0.996,1,0.936,0.016,0.098,1,1
hsap6782,1,0.152,1,0.975,0.58,0.842,0.042,0.148,1,2
hsap8480,1,0.044,1,0.025,0.25,0.069,0.953,0.02,0,1
hsap10643,1,0.333,1,0.189,0.2,0.562,0.815,0.005,0,4
hsap19441,1,0.19,1,0,0.036,0.146,0.053,0.878,0,2
hsap18886,1,0.207,1,0.91,0.75,0.92,0.028,0.094,1,1
dmel3731,1,0.022,1,0,0.061,0.093,0.05,0.924,0,1
dmel3073,1,0.038,1,0.043,1,0.163,0.084,0.811,0,2
hsap20365,1,0.013,1,0.045,0,0.256,0.417,0.363,0,5
hsap18971,1,-0.038,1,0.001,0.25,0.074,0.089,0.901,0,1
dmel9381,1,-0.065,1,0,0.117,0.063,0.279,0.846,0,3
hsap2186,1,0.033,1,0,0,0.048,0.897,0.065,0,1
hsap3661,1,0.091,1,0.872,0.3,0.534,0.195,0.168,1,4
mmus9787,1,-0.08,1,0,0.067,0.099,0.079,0.916,0,1
hsap11014,1,0.059,1,0.382,1,0.842,0.088,0.082,1,2
dmel2720,1,0.25,1,0.092,0.125,0.08,0.901,0.04,0,1
hsap5812,1,0.19,1,0.012,0.494,0.199,0.951,0.004,0,2
dmel12065,1,0.095,1,0.214,0.278,0.659,0.082,0.149,1,3
hsap5096,1,-0.143,1,0,0.167,0.075,0.103,0.92,0,1
hsap2649,1,-0.045,1,0.032,0.5,0.068,0.067,0.934,0,1
hsap1296,1,0.072,1,0.005,0,0.084,0.386,0.352,0,5
hsap4365,1,0.3,1,0.295,0.056,0.846,0.036,0.153,1,2
hsap5016,1,0.158,1,0.052,0.75,0.284,0.043,0.735,0,3
hsap16700,1,0.05,1,0.002,0,0.111,0.09,0.884,0,2
hsap15489,1,0.188,1,0.256,0.287,0.279,0.091,0.527,0,4
hsap19422,1,0.133,1,0.288,0.213,0.521,0.065,0.466,1,5
hsap20543,1,0.1,1,0.046,0.233,0.208,0.876,0.033,0,2
dmel2554,1,0.118,0,0.004,1,0.608,0.32,0.032,1,4
dmel3615,1,0.133,1,0.109,0.667,0.297,0.053,0.595,0,4
dmel7142,1,-0.037,1,0,1,0.077,0.322,0.659,0,4
dmel6227,1,0.172,0,0.384,0.929,0.771,0.018,0.245,1,3
dmel9114,1,0.2,1,0.999,1,0.802,0.027,0.209,1,3
hsap15967,1,0.033,1,0.006,0.062,0.319,0.373,0.229,0,5
dmel10403,1,0.158,1,0.245,1,0.481,0.066,0.373,1,5
hsap5642,1,0.25,1,0.328,1,0.575,0.053,0.37,1,4
dmel13357,1,0.029,1,0.101,0.117,0.444,0.109,0.459,0,5
hsap5345,1,0.125,1,0.996,1,0.945,0.009,0.122,1,1
hsap11277,1,0,1,0.039,0.5,0.027,0.968,0.056,0,1
hsap2924,1,0.059,1,0.001,0.25,0.089,0.98,0.007,0,1
hsap17962,1,0.188,1,0.009,0.25,0.679,0.037,0.315,1,4
hsap6179,1,0.078,1,0.771,0.625,0.552,0.203,0.172,1,4
dmel13651,1,0.109,1,0.884,1,0.909,0.034,0.116,1,2
dmel5630,1,0.14,0,0.107,0,0.539,0.089,0.336,1,4
hsap17986,1,0.163,1,0.983,0.33,0.936,0.033,0.068,1,1
hsap2908,1,-0.286,1,0.002,0.512,0.022,0.175,0.944,0,2
hsap11876,1,0.025,1,0.053,1,0.064,0.54,0.27,0,4
hsap17065,1,0.029,1,0.02,1,0.487,0.18,0.192,1,4
hsap18467,1,0.19,1,0.146,0,0.599,0.13,0.168,1,3
dmel9524,1,0.222,1,0.575,0.679,0.85,0.051,0.131,1,2
hsap18990,1,-0.046,1,0,0.018,0.118,0.061,0.894,0,2
hsap19047,1,0.111,1,0.752,0.75,0.752,0.094,0.103,1,2
hsap17221,1,0.121,1,0.176,0.083,0.758,0.028,0.279,1,3
hsap3020,1,0.167,1,0.939,1,0.96,0.016,0.075,1,1
hsap14414,1,0.12,1,0.91,0.333,0.736,0.196,0.048,1,3
dmel6337,1,-0.033,1,0.097,0.6,0.192,0.093,0.702,0,3
dmel6143,1,0.083,1,0.023,1,0.156,0.23,0.415,0,5
dmel3152,1,0,1,0.002,0.101,0.308,0.069,0.649,0,4
dmel3213,1,0.1,1,0,0.325,0.089,0.077,0.9,0,1
dmel2575,1,0.267,1,0.961,1,0.804,0.035,0.193,1,2
hsap16232,1,0.179,1,0.616,0.025,0.541,0.014,0.666,0,5
hsap9848,1,0,1,0.009,0.056,0.525,0.038,0.556,0,5
dmel5792,1,0.1,0,0.092,0.304,0.574,0.12,0.235,1,4
dmel7107,1,0.233,1,0.656,1,0.759,0.024,0.295,1,3
hsap13342,1,0.099,1,0.001,0.1,0.122,0.035,0.917,0,2
dmel10874,1,0.267,1,0.937,1,0.903,0.017,0.137,1,2
hsap12655,1,0.02,1,0.001,1,0.157,0.031,0.897,0,2
hsap18637,1,0.133,1,0.876,0.5,0.462,0.212,0.182,1,4
hsap12550,1,0.152,1,0.922,0,0.774,0.021,0.353,1,3
hsap16530,1,0.094,1,0.472,0.5,0.647,0.078,0.201,1,3
hsap20795,1,-0.267,1,0.001,0.829,0.059,0.076,0.932,0,1
dmel10768,1,0.133,1,0.492,0,0.238,0.093,0.587,0,4
dmel5127,1,0.135,1,0.8,0.762,0.341,0.092,0.468,0,5
dmel8772,1,0.143,1,0.896,0.833,0.838,0.041,0.166,1,2
dmel13479,1,0.158,0,0.188,0.875,0.699,0.305,0.066,1,4
hsap17118,1,0.091,1,0.007,0,0.902,0.061,0.044,1,1
dmel5615,1,0.135,1,0.994,1,0.947,0.01,0.067,1,1
dmel2451,1,0.045,1,0,0.385,0.016,0.969,0.072,0,1
hsap14894,1,0.219,1,0.762,0.417,0.798,0.03,0.245,1,3
dmel10647,1,0.146,1,0.994,0,0.948,0.013,0.106,1,1
hsap14772,1,0.064,1,0.435,0.689,0.233,0.834,0.06,0,2
dmel5834,1,0.167,1,0.764,1,0.856,0.116,0.045,1,2
hsap13361,1,0.154,1,0.546,0.263,0.887,0.151,0.028,1,2
hsap1363,1,0.12,1,0.798,0,0.887,0.057,0.111,1,2
cele14615,1,-0.041,1,0.007,1,0.068,0.077,0.925,0,1
hsap18220,1,0,1,0.004,1,0.123,0.046,0.875,0,2
hsap13606,1,-0.011,1,0,0.018,0.036,0.178,0.922,0,2
hsap18164,1,-0.198,1,0,0,0.116,0.043,0.905,0,2
dmel684,1,-0.018,1,0.001,0,0.022,0.968,0.039,0,1
hsap20793,1,0.077,1,0.016,0.829,0.622,0.101,0.266,1,4
hsap15984,1,0.037,1,0.001,0.5,0.103,0.077,0.848,0,2
hsap11843,1,0.111,1,0.008,1,0.417,0.121,0.499,0,5
hsap13178,1,0.074,1,0.023,0.182,0.297,0.619,0.05,0,4
dmel7114,1,0.207,1,0.381,1,0.515,0.058,0.49,1,5
dmel11002,1,0.118,1,0.209,1,0.416,0.11,0.411,1,5
hsap15039,1,0.129,1,0.935,0.542,0.893,0.037,0.083,1,1
hsap8097,1,0.136,1,0.302,0.484,0.781,0.07,0.094,1,2
hsap2107,1,0.25,1,0.004,0,0.491,0.072,0.486,1,5
hsap10380,1,0.179,1,0.984,0.277,0.909,0.027,0.093,1,1
hsap6994,1,0,1,0,1,0.118,0.072,0.871,0,2
hsap11036,1,0.06,1,0.884,0.5,0.921,0.038,0.061,1,1
hsap5888,1,0.211,1,0.758,0.607,0.86,0.033,0.133,1,2
hsap9283,1,0.114,1,0.996,0.467,0.938,0.046,0.057,1,1
hsap5678,1,0.071,1,0.002,0,0.022,0.592,0.8,0,4
hsap2950,1,0.133,1,0.996,0.244,0.867,0.159,0.049,1,2
hsap17040,1,0.099,1,0.031,1,0.573,0.202,0.162,1,4
hsap9740,1,-0.08,1,0.002,1,0.059,0.103,0.921,0,1
dmel4141,1,0.136,1,0.133,1,0.754,0.11,0.105,1,2
hsap2635,1,0.148,1,0.075,1,0.879,0.029,0.173,1,2
dmel9341,1,0.147,1,0.984,0.31,0.932,0.013,0.144,1,2
hsap5447,1,0.071,1,0.017,0.775,0.324,0.117,0.446,0,5
hsap5024,1,0.065,1,0.004,0.5,0.2,0.042,0.767,0,3
hsap2256,1,0.067,1,0.012,0.484,0.01,0.982,0.069,0,1
dmel3287,1,-0.022,1,0,0,0.088,0.068,0.907,0,1
hsap5668,1,0.056,1,0,0.364,0.125,0.371,0.694,0,4
hsap4179,1,-0.133,1,0.001,0.167,0.068,0.06,0.94,0,1
hsap3225,1,0.106,1,0.996,1,0.806,0.123,0.087,1,2
dmel9290,1,0.156,1,0.97,0.333,0.922,0.015,0.142,1,2
dmel1760,1,0.107,1,0.739,0,0.833,0.034,0.216,1,2
dmel887,1,0.158,1,0.981,0.2,0.789,0.033,0.273,1,3
hsap11904,1,0.185,1,0.439,0.583,0.881,0.062,0.101,1,2
hsap14654,1,0.167,1,0.255,0,0.537,0.064,0.46,1,5
hsap9096,1,0.103,1,0.439,0.027,0.608,0.054,0.396,1,4
hsap3778,1,0.056,1,0.013,0.042,0.05,0.078,0.929,0,1
hsap16945,1,0.055,1,0.5,0.371,0.345,0.058,0.644,0,4
hsap15537,1,0.029,1,0.005,0.689,0.047,0.182,0.801,0,2
hsap9138,1,-0.019,1,0.001,0.128,0.073,0.073,0.89,0,1
dmel756,1,0.027,1,0,0.667,0.1,0.173,0.733,0,3
hsap12155,1,0.086,1,0.145,0.567,0.757,0.03,0.258,1,3
hsap13789,1,0.086,1,0.006,0.026,0.571,0.073,0.369,1,4
hsap8166,1,0.122,1,0.034,0,0.229,0.054,0.773,0,3
hsap2685,1,0.229,1,0.992,0.5,0.96,0.009,0.093,1,1
dmel6193,1,0.132,0,0.913,0.25,0.93,0.033,0.061,1,1
hsap17488,1,0.273,1,0.003,1,0.127,0.733,0.084,0,2
hsap18870,1,-0.139,1,0,0.1,0.035,0.107,0.946,0,1
hsap17382,1,0.207,1,0.998,0.833,0.965,0.017,0.057,1,1
cele4904,1,0,1,0.002,0.5,0.162,0.073,0.831,0,2
dmel9481,1,0,1,0.003,0.22,0.089,0.126,0.814,0,2
cele8859,1,0,1,0,1,0.068,0.13,0.839,0,2
hsap13365,1,0.069,1,0.078,1,0.391,0.195,0.333,1,5
hsap20066,1,0.029,1,0.004,0.365,0.008,0.986,0.071,0,1
hsap10788,1,0.037,1,0.13,0.012,0.428,0.15,0.235,1,5
hsap9463,1,0.118,1,0.072,0.75,0.849,0.035,0.164,1,2
dmel8826,1,0.333,1,0.713,1,0.773,0.044,0.271,1,3
hsap848,1,0.179,1,0.968,0.194,0.854,0.041,0.083,1,2
hsap11057,1,0,1,0.001,1,0.119,0.029,0.905,0,2
dmel9494,1,0.065,1,0.002,1,0.147,0.245,0.579,0,4
dmel8254,1,0.154,1,0.168,0.667,0.376,0.035,0.618,0,4
hsap8364,1,0.054,1,0.044,0.5,0.079,0.844,0.123,0,2
dmel5165,1,-0.286,1,0.002,0.75,0.02,0.23,0.942,0,2
dmel12725,1,0.231,1,0.994,0.5,0.917,0.021,0.14,1,2
hsap14367,1,0.125,1,0.484,1,0.792,0.13,0.066,1,2
hsap19364,1,0.122,1,0.556,1,0.31,0.301,0.124,1,5
hsap6739,1,0.057,1,0.025,0.128,0.108,0.316,0.307,0,5
dmel13437,1,0.1,1,0.948,1,0.693,0.057,0.164,1,3
hsap2713,1,0.013,1,0.027,1,0.154,0.061,0.854,0,2
dmel1783,1,0.03,1,0.001,0.038,0.01,0.979,0.069,0,1
dmel6237,1,0.227,1,0.999,1,0.936,0.025,0.101,1,1
hsap16066,1,0.162,1,0.85,0.164,0.957,0.065,0.018,1,1
dmel8913,1,0.185,1,0.996,0.132,0.936,0.043,0.058,1,1
hsap19764,1,-0.032,1,0,0.75,0.072,0.297,0.652,0,4
hsap18631,1,-0.111,1,0,0.333,0.082,0.045,0.928,0,1
dmel9907,1,0.217,1,0.923,1,0.908,0.047,0.071,1,1
dmel6355,1,0.176,1,0.335,0.1,0.595,0.129,0.187,1,3
hsap9303,1,0.129,1,0.996,0.5,0.871,0.013,0.211,1,2
dmel1016,1,0.081,1,0.027,0,0.34,0.103,0.518,0,5
dmel2857,1,0.019,1,0.01,0,0.365,0.04,0.685,0,4
hsap3076,1,0.2,1,0.044,0,0.684,0.027,0.395,1,4
dmel13161,1,0,1,0.001,0.304,0.068,0.426,0.458,0,5
dmel9889,1,0.138,1,0.75,1,0.748,0.028,0.312,1,3
hsap11190,1,0.185,1,0.978,0.171,0.942,0.037,0.06,1,1
hsap18635,1,0.063,1,0,0.083,0.056,0.098,0.938,0,1
hsap4759,1,0.027,1,0.017,0.333,0.027,0.246,0.847,0,2
hsap3122,1,0.118,1,0.112,0.763,0.938,0.037,0.058,1,1
dmel6927,1,-0.036,1,0.001,0,0.124,0.151,0.856,0,2
hsap5798,1,0.167,1,0.996,0.58,0.925,0.028,0.083,1,1
hsap17636,1,0.035,1,0,1,0.036,0.143,0.953,0,1
dmel6249,1,0.25,1,0.951,0.833,0.851,0.039,0.119,1,2
hsap5669,1,0.056,1,0.505,1,0.594,0.05,0.254,1,4
dmel8158,1,0.136,1,0.278,1,0.396,0.023,0.696,0,4
hsap14750,1,0.125,1,0.396,0.3,0.621,0.198,0.212,1,3
dmel10273,1,0.211,0,0.996,0.16,0.836,0.027,0.174,1,2
hsap7076,1,0.128,1,0.996,1,0.872,0.024,0.118,1,2
dmel2416,1,0.028,1,0.01,0.129,0.029,0.533,0.529,0,5
dmel10641,1,0.097,0,0.12,0.464,0.841,0.034,0.278,1,3
mmus18800,1,-0.059,1,0.002,1,0.148,0.07,0.825,0,2
dmel3389,1,-0.038,1,0,0.667,0.084,0.091,0.876,0,2
hsap8052,1,0.185,1,0.7,0.064,0.929,0.034,0.078,1,1
hsap8894,1,0.128,1,0.996,0.583,0.718,0.021,0.294,1,3
hsap5485,1,0.111,1,0.996,1,0.882,0.064,0.056,1,1
hsap15400,1,0.031,1,0.008,0.689,0.166,0.023,0.87,0,2
hsap15608,1,0.042,1,0.001,0.052,0.171,0.099,0.769,0,3
hsap7073,1,0.083,1,0.001,0.433,0.371,0.082,0.594,0,4
hsap9495,1,0.118,1,0.711,0,0.73,0.152,0.093,1,3
dmel920,1,0.102,0,0.633,1,0.864,0.024,0.187,1,2
hsap16895,1,-0.018,1,0.001,0.583,0.143,0.379,0.421,0,5
hsap9194,1,0.158,1,0.341,0.583,0.893,0.028,0.109,1,2
hsap14471,1,-0.025,1,0.001,0.25,0.077,0.068,0.924,0,1
dmel6158,1,0.07,1,0.441,1,0.664,0.106,0.15,1,3
hsap1984,1,0.156,1,0.518,1,0.877,0.039,0.131,1,2
hsap15401,1,0,1,0,0.03,0.087,0.056,0.929,0,1
hsap2221,1,-0.075,1,0.002,0.158,0.066,0.081,0.913,0,1
hsap3746,1,0.014,1,0,0.433,0.081,0.085,0.878,0,2
hsap15495,1,0.029,1,0.002,1,0.129,0.053,0.89,0,2
dmel2846,1,0.175,1,0.601,0.375,0.903,0.029,0.108,1,2
hsap15627,1,0.105,1,0.257,0.25,0.946,0.012,0.121,1,1
dmel3366,1,0.321,1,0.002,0,0.096,0.092,0.909,0,1
dmel6012,1,0.176,1,0.96,1,0.927,0.023,0.122,1,1
hsap8271,1,0,1,0.002,0.5,0.057,0.066,0.938,0,1
hsap20596,1,0.053,1,0.131,0.583,0.567,0.387,0.066,1,5
dmel13224,1,0.214,1,0.373,1,0.489,0.071,0.404,1,5
hsap19331,1,0.207,1,0.052,0.583,0.662,0.044,0.362,1,4
dmel11551,1,-0.042,1,0.002,1,0.078,0.091,0.812,0,2
hsap7982,1,0.03,1,0.012,0.025,0.363,0.053,0.586,0,4
hsap6884,1,0.1,1,0.012,0.75,0.61,0.037,0.368,1,4
dmel10345,1,0.028,1,0.018,0.952,0.047,0.221,0.718,0,3
dmel11807,1,0.032,1,0,0.952,0.228,0.031,0.847,0,2
dmel12605,1,0.109,1,0.953,0,0.871,0.03,0.122,1,2
hsap3753,1,0.069,1,0.996,0.544,0.697,0.115,0.168,1,3
hsap6336,1,0.179,1,0.959,0.643,0.816,0.034,0.173,1,2
hsap10816,1,0.118,1,0.079,0.5,0.554,0.062,0.392,1,5
hsap19229,1,0.118,1,0.001,0.689,0.345,0.033,0.686,0,4
dmel10531,1,0.078,1,0.009,1,0.414,0.082,0.488,0,5
dmel8930,1,0.026,0,0.53,0.25,0.668,0.059,0.231,1,3
hsap2349,1,0.129,1,0.021,0.5,0.447,0.042,0.484,0,5
hsap20013,1,0.167,1,0.939,0.833,0.903,0.069,0.058,1,1
dmel4769,1,0.088,1,0,0.037,0.085,0.229,0.797,0,3
hsap7083,1,0.034,1,0,0.689,0.032,0.475,0.612,0,5
hsap19251,1,0.158,1,1,0.5,0.945,0.021,0.097,1,1
dmel7341,1,0.19,0,0.385,0.679,0.861,0.044,0.131,1,2
hsap11769,1,-0.039,1,0,0.833,0.057,0.091,0.943,0,1
hsap20576,1,0.163,1,0.486,1,0.814,0.036,0.229,1,3
dmel6815,1,0.167,1,0.776,0.679,0.883,0.038,0.11,1,2
hsap20588,1,0.133,1,0.807,1,0.83,0.022,0.189,1,2
dmel8608,1,0.211,1,0.741,0.5,0.819,0.028,0.159,1,2
dmel8443,1,0.16,1,0.994,0.679,0.889,0.036,0.123,1,2
hsap16954,1,0.026,1,0.005,0.689,0.07,0.144,0.826,0,2
dmel1697,1,0.1,1,0.468,0.667,0.259,0.245,0.322,0,5
dmel7975,1,0.16,1,0.015,0.833,0.485,0.044,0.453,1,5
hsap8018,1,0.231,1,0.007,1,0.136,0.048,0.879,0,2
hsap18264,1,0.132,1,0.619,0.75,0.604,0.14,0.145,1,3
hsap4108,1,-0.026,1,0,0.75,0.217,0.235,0.445,0,4
hsap7836,1,0.143,1,0.675,0.58,0.885,0.034,0.109,1,2
hsap16642,1,0.067,1,0.806,0.364,0.231,0.065,0.676,0,3
dmel7856,1,0.061,1,0.002,0.625,0.243,0.048,0.842,0,3
hsap17622,1,-0.021,1,0,0.75,0.641,0.035,0.376,1,4
hsap20711,1,-0.138,1,0,1,0.122,0.058,0.857,0,2
hsap18764,1,0.143,1,0.8,1,0.791,0.048,0.192,1,3
hsap8273,1,0,1,0,0.5,0.131,0.056,0.88,0,2
hsap11146,1,0.17,1,0.964,1,0.917,0.039,0.098,1,1
hsap5747,1,0.083,1,0.012,0,0.262,0.358,0.4,0,5
dmel7115,1,0.133,1,0.138,0,0.439,0.087,0.373,1,5
hsap17389,1,0.167,1,0.746,0.167,0.77,0.218,0.068,1,3
hsap4810,1,0.019,1,0.003,0.128,0.365,0.071,0.566,0,4
hsap4302,1,0.162,1,0.737,0.321,0.749,0.039,0.285,1,3
dmel8451,1,0.06,1,0.003,1,0.064,0.136,0.847,0,2
hsap16897,1,0.109,1,0.897,0,0.733,0.276,0.036,1,3
hsap15307,1,0.028,1,0.002,1,0.45,0.124,0.311,1,5
hsap16693,1,0.029,1,0.01,0.125,0.067,0.062,0.95,0,1
hsap743,1,0.25,1,0.027,0.287,0.256,0.092,0.651,0,4
hsap13908,1,0.071,1,0.001,0.074,0.619,0.064,0.326,1,4
hsap14823,1,0.148,1,0.12,0.583,0.5,0.079,0.435,1,5
dmel11906,1,-0.143,1,0,0.367,0.046,0.136,0.938,0,1
hsap5990,1,0.154,1,0.996,1,0.898,0.104,0.047,1,2
dmel7029,1,0.174,1,0.996,0.079,0.656,0.091,0.325,1,4
hsap5662,1,0.133,1,0.003,0.206,0.125,0.874,0.015,0,2
dmel3573,1,0.167,1,0.958,0,0.839,0.052,0.141,1,2
dmel8556,1,0.172,1,0.787,1,0.88,0.026,0.172,1,2
hsap14515,1,0.048,1,0.005,0.122,0.49,0.034,0.5,0,5
dmel3011,1,0.071,1,0.012,0.17,0.858,0.103,0.075,1,2
hsap2051,1,-0.021,1,0,0.037,0.057,0.114,0.911,0,2
hsap13768,1,0.139,1,0.998,0.33,0.927,0.045,0.024,1,1
hsap3496,1,0.185,1,0.999,0.5,0.867,0.148,0.032,1,2
dmel188,1,0.214,1,0.551,0.5,0.243,0.023,0.816,0,3
hsap3675,1,0.173,1,0.05,0.167,0.59,0.054,0.346,1,4
hsap6219,1,0,1,0,0.367,0.131,0.516,0.35,0,5
hsap7828,1,0.111,1,0.077,0.068,0.15,0.247,0.568,0,4
hsap6203,1,0.05,1,0.021,0,0.482,0.244,0.219,1,4
dmel7555,1,0.235,1,0.979,0.667,0.891,0.074,0.049,1,1
dmel4466,1,0.031,1,0.124,0.304,0.328,0.505,0.109,0,5
dmel11840,1,0.194,1,0.019,0,0.805,0.029,0.203,1,2
dmel10908,1,0.133,0,0.292,0,0.503,0.049,0.462,1,5
hsap7969,1,0.194,1,0.996,0,0.902,0.199,0.008,1,2
dmel7098,1,0.259,0,0.998,0,0.963,0.014,0.065,1,1
hsap18761,1,0.231,1,0.002,0.417,0.11,0.144,0.824,0,2
dmel7759,1,0.179,1,0.582,0.667,0.775,0.077,0.172,1,2
dmel12710,1,0.121,1,0.261,1,0.625,0.092,0.174,1,3
dmel12428,1,0.4,1,0.001,0.619,0.168,0.115,0.78,0,2
hsap12062,1,0.25,1,0.905,1,0.954,0.087,0.023,1,1
hsap17115,1,0.114,1,0.224,0.162,0.261,0.562,0.075,0,4
hsap3372,1,0.31,1,0.117,0.19,0.325,0.488,0.261,0,5
hsap14806,1,0,1,0.01,0.75,0.221,0.174,0.503,0,4
hsap9727,1,0.094,1,0.021,0,0.519,0.08,0.41,1,5
hsap7649,1,0.12,1,0.129,0.75,0.143,0.189,0.677,0,3
hsap17446,1,-0.026,1,0.001,0.689,0.041,0.224,0.815,0,3
dmel13274,1,0.169,1,0.753,1,0.649,0.06,0.275,1,4
hsap4117,1,0.094,1,0.996,0.363,0.562,0.066,0.279,1,4
dmel7667,1,0.222,1,0.409,0.15,0.918,0.026,0.126,1,2
hsap10284,1,-0.022,1,0,0.5,0.167,0.415,0.403,0,5
dmel10567,1,0.148,0,0.915,1,0.931,0.076,0.045,1,1
hsap20868,1,0.018,1,0,0.5,0.08,0.253,0.787,0,3
hsap8233,1,0.102,1,0.996,0.5,0.434,0.213,0.326,1,5
hsap17062,1,0.056,1,0,0.833,0.107,0.038,0.927,0,1
hsap9272,1,0.091,1,0.661,0.146,0.392,0.061,0.409,0,5
hsap5433,1,0.156,1,0.996,1,0.768,0.019,0.217,1,3
dmel1396,1,0.095,1,0.957,0.875,0.753,0.053,0.21,1,3
dmel9927,1,0.156,1,0.674,1,0.946,0.057,0.016,1,1
hsap15857,1,0.194,1,0.911,0.167,0.858,0.046,0.098,1,2
hsap3313,1,0.062,1,0.07,0.667,0.791,0.041,0.195,1,3
hsap6141,1,0.033,1,0.353,0.375,0.292,0.742,0.013,0,3
dmel11925,1,0.103,1,0.963,1,0.869,0.075,0.077,1,2
dmel12429,1,0.037,1,0.005,0.619,0.187,0.105,0.758,0,3
hsap7647,1,0.08,1,0.52,1,0.213,0.104,0.679,0,3
dmel7631,1,0.094,1,0.626,1,0.689,0.073,0.344,1,4
hsap9503,1,0.133,1,0.225,0.75,0.727,0.018,0.286,1,3
hsap7866,1,-0.075,1,0,0.375,0.071,0.073,0.921,0,1
hsap8295,1,0.091,1,0.662,0.75,0.567,0.761,0.009,0,5
dmel5590,1,0.037,1,0.029,0.618,0.091,0.235,0.572,0,4
dmel6739,1,0.133,0,0.931,0.9,0.836,0.018,0.237,1,3
dmel9257,1,0.278,1,0.975,1,0.748,0.067,0.19,1,3
hsap2774,1,0.167,1,0.084,0.02,0.832,0.386,0.034,1,3
hsap9799,1,0.259,1,0.984,0.484,0.934,0.026,0.086,1,1
hsap5807,1,0.238,1,0.996,1,0.884,0.04,0.139,1,2
hsap6277,1,0.143,1,0.998,0.763,0.892,0.054,0.099,1,2
hsap2681,1,0.115,1,0.996,1,0.937,0.058,0.052,1,1
hsap18562,1,0.032,1,0.452,0.054,0.184,0.128,0.648,0,3
dmel7971,1,0.133,1,0.976,1,0.794,0.049,0.237,1,3
hsap5721,1,0.222,1,0.999,0.833,0.961,0.018,0.078,1,1
hsap15467,1,-0.042,1,0.001,0,0.139,0.096,0.786,0,2
hsap9863,1,0.062,1,0.001,1,0.579,0.026,0.541,1,5
hsap2247,1,0.075,1,0.212,1,0.338,0.207,0.41,0,5
dmel11949,1,0.143,1,0.828,0.667,0.834,0.044,0.14,1,2
dmel11662,1,0.048,1,0.002,1,0.345,0.036,0.732,0,4
hsap10196,1,0.064,1,0,0,0.278,0.041,0.704,0,3
hsap4180,1,0.02,1,0,0,0.099,0.06,0.905,0,1
hsap19044,1,0.104,1,0.903,0,0.815,0.091,0.051,1,2
hsap13078,1,0.031,1,0.011,0.5,0.6,0.023,0.435,1,5
dmel4721,1,0.148,0,0.958,0.125,0.962,0.021,0.082,1,1
dmel5238,1,0.125,1,0.365,0.047,0.462,0.089,0.472,0,5
hsap2668,1,0.053,1,0.072,0.689,0.037,0.393,0.65,0,4
dmel11080,1,0.176,1,0.595,0,0.816,0.029,0.234,1,3
hsap1313,1,0.15,0,0.924,0.2,0.66,0.187,0.076,1,3
hsap15561,1,0.075,1,0.232,0.833,0.425,0.095,0.483,0,5
hsap6978,1,-0.095,1,0.001,1,0.059,0.06,0.949,0,1
dmel4363,1,0.091,1,0.993,0.6,0.846,0.034,0.159,1,2
dmel3725,1,0.1,1,0.885,1,0.537,0.052,0.368,1,5
dmel4394,1,-0.024,1,0,1,0.011,0.945,0.167,0,2
mmus7123,1,-0.16,1,0,0.625,0.082,0.099,0.901,0,1
hsap6071,1,-0.077,1,0.001,0.646,0.106,0.05,0.883,0,2
dmel10872,1,0.154,1,0.988,0.833,0.868,0.026,0.154,1,2
dmel9913,1,0.163,1,0.169,1,0.345,0.065,0.625,0,4
dmel3105,1,0.282,1,0.079,0.833,0.227,0.029,0.801,0,3
dmel3546,1,0.167,1,0.012,0.091,0.938,0.017,0.121,1,1
hsap8019,1,0.133,1,0.999,1,0.908,0.034,0.083,1,1
dmel1101,1,0.286,1,0.61,1,0.611,0.131,0.298,1,4
dmel424,1,-0.184,1,0,0,0.069,0.042,0.953,0,1
dmel9522,1,0.2,0,0.932,0.679,0.778,0.03,0.27,1,3
hsap7621,1,-0.055,1,0.025,0.07,0.029,0.956,0.028,0,1
hsap12440,1,0.4,1,0.361,0.045,0.754,0.037,0.252,1,3
hsap9459,1,-0.182,1,0,0.5,0.052,0.049,0.958,0,1
hsap20041,1,0.059,1,0.015,0.128,0.285,0.088,0.652,0,4
dmel11031,1,0.13,1,0.969,0.833,0.933,0.01,0.126,1,1
hsap17053,1,-0.018,1,0.134,0,0.119,0.347,0.343,0,5
dmel9453,1,0.263,1,0.814,0.218,0.77,0.019,0.316,1,3
dmel4490,1,0.143,1,0.035,1,0.088,0.077,0.905,0,1
hsap2355,1,0,1,0.035,1,0.022,0.931,0.116,0,1
hsap15858,1,0.231,1,0.956,0.5,0.853,0.033,0.185,1,2
dmel8342,1,0.077,1,0.039,0.75,0.055,0.142,0.767,0,2
dmel934,1,0.077,0,0.299,0.055,0.79,0.02,0.309,1,3
dmel4427,1,0.138,1,0.895,0.679,0.872,0.052,0.101,1,2
hsap4337,1,0.043,1,0.121,0.775,0.425,0.094,0.276,1,5
hsap10326,1,0,1,0.001,1,0.08,0.222,0.777,0,3
hsap4803,1,0.227,1,0.99,1,0.942,0.04,0.072,1,1
hsap7411,1,0.333,1,0.025,0.417,0.196,0.038,0.859,0,2
hsap9620,1,0.19,1,1,0.118,0.924,0.047,0.08,1,1
hsap17909,1,0.182,1,0.627,0.5,0.877,0.027,0.166,1,2
hsap10808,1,0.1,1,0.146,0,0.444,0.06,0.52,0,5
hsap12282,1,0.108,1,0.44,0.667,0.892,0.034,0.097,1,2
hsap4181,1,-0.125,1,0,0.367,0.067,0.152,0.879,0,2
dmel6423,1,0.158,1,0.822,0,0.818,0.023,0.223,1,3
dmel10746,1,0.135,0,0.364,0,0.705,0.089,0.125,1,3
hsap3240,1,0.105,1,0.283,0.263,0.029,0.963,0.03,0,1
dmel2401,1,0.273,1,0.031,0.667,0.586,0.017,0.548,1,5
hsap13056,1,0.105,1,0.778,0,0.634,0.128,0.23,1,3
hsap15408,1,0.14,1,0.976,0,0.809,0.088,0.133,1,2
dmel7082,1,0.2,1,0.986,0.889,0.768,0.018,0.325,1,3
hsap13532,1,-0.049,1,0.003,0.097,0.048,0.175,0.889,0,2
dmel11700,1,0.074,1,0.229,0.5,0.218,0.092,0.639,0,3
hsap18014,1,0.036,0,0.001,0.074,0.786,0.035,0.265,1,3
hsap20520,1,0.083,1,0.002,0.259,0.278,0.153,0.302,0,5
hsap20498,1,0.147,1,0.987,0.5,0.877,0.028,0.112,1,2
hsap12181,1,0.2,1,0.993,1,0.897,0.017,0.169,1,2
hsap11062,1,0.106,1,0.368,0.25,0.852,0.031,0.144,1,2
hsap19770,1,0.013,1,0.527,0.603,0.845,0.048,0.147,1,2
hsap11020,1,0.143,1,0.82,0.75,0.898,0.077,0.064,1,1
dmel11913,1,0.028,1,0.002,1,0.191,0.037,0.849,0,2
hsap12701,1,0.13,1,0.664,0.75,0.596,0.086,0.264,1,4
hsap17859,1,-0.121,1,0,0.026,0.064,0.192,0.861,0,2
dmel13126,1,0.081,1,0.104,0.304,0.362,0.093,0.444,0,5
hsap3426,1,0.25,1,0.088,1,0.696,0.008,0.479,1,4
hsap19344,1,0.167,1,0.807,0.5,0.831,0.054,0.144,1,2
hsap19717,1,0.133,1,0.011,0.182,0.183,0.355,0.221,0,5
hsap7644,1,0.119,1,0.037,0,0.553,0.091,0.322,1,4
hsap12720,1,0.238,1,0.981,0.875,0.87,0.054,0.099,1,2
hsap13709,1,0.5,1,0.009,0.221,0.807,0.021,0.353,1,3
hsap12078,1,0.118,1,0.079,0.542,0.868,0.01,0.286,1,3
hsap3154,1,0.022,1,0.001,0.5,0.189,0.287,0.418,0,5
hsap11469,1,0.095,1,0.293,0.675,0.403,0.08,0.441,0,5
hsap8584,1,-0.028,1,0.001,0.301,0.056,0.136,0.886,0,2
dmel9490,1,0.053,1,0.172,0.833,0.158,0.062,0.788,0,2
dmel2380,1,0.04,1,0.996,1,0.151,0.694,0.085,0,3
hsap17938,1,0.054,1,0.005,0.164,0.27,0.036,0.745,0,3
hsap7473,1,0.391,1,0.753,0.5,0.26,0.054,0.692,0,3
dmel3196,1,0.143,1,0.003,1,0.137,0.058,0.838,0,2
hsap19682,1,0.28,1,0.998,1,0.928,0.035,0.04,1,1
hsap8904,1,0.077,1,0,0.5,0.105,0.046,0.927,0,1
hsap6119,1,0.083,1,0.996,1,0.481,0.14,0.27,1,4
hsap19089,1,0.103,1,0.037,0.125,0.138,0.431,0.476,0,5
dmel12034,1,0.16,1,0.938,1,0.879,0.031,0.157,1,2
dmel4773,1,0.208,1,0.967,0.417,0.695,0.052,0.342,1,4
hsap2829,1,0.052,1,0.063,0.05,0.11,0.116,0.849,0,2
dmel6381,1,-0.179,1,0,0.608,0.059,0.057,0.93,0,1
hsap20967,1,0.158,1,0.996,0.75,0.817,0.213,0.068,1,2
dmel7319,1,0.286,0,0.982,0,0.918,0.019,0.137,1,2
dmel4896,1,-0.014,1,0.002,0.746,0.141,0.06,0.833,0,2
dmel10369,1,0.167,1,0.887,1,0.933,0.027,0.082,1,1
hsap8920,1,0.127,1,0.75,1,0.888,0.077,0.08,1,1
hsap13812,1,0.346,1,0.622,0,0.767,0.024,0.312,1,3
dmel9866,1,0.125,1,0.983,0.45,0.868,0.034,0.136,1,2
dmel8329,1,0.037,1,0.104,1,0.167,0.111,0.641,0,3
hsap17279,1,0.171,1,0.951,0.156,0.878,0.144,0.047,1,2
dmel12592,1,-0.094,1,0,0.333,0.093,0.088,0.88,0,2
dmel12814,1,-0.089,1,0,1,0.146,0.088,0.85,0,2
dmel12708,1,0.238,1,0.963,1,0.629,0.132,0.174,1,3
hsap12736,1,0,1,0.496,0,0.325,0.379,0.242,0,5
hsap18864,1,0.079,1,0.411,0.314,0.555,0.108,0.161,1,4
dmel9460,1,0.037,1,0.002,0.45,0.125,0.405,0.471,0,5
hsap17737,1,0.161,1,0.945,0.5,0.796,0.63,0.002,1,5
hsap11777,1,0.083,1,0.748,0.036,0.799,0.064,0.197,1,2
hsap6182,1,0.067,1,0.002,0,0.142,0.09,0.719,0,3
dmel10806,1,0.143,1,0.959,0.833,0.804,0.071,0.149,1,2
hsap19727,1,0,1,0.008,0.5,0.1,0.087,0.842,0,2
hsap7099,1,-0.088,1,0.002,0,0.083,0.177,0.805,0,2
hsap16545,1,0.12,1,0.06,0.243,0.364,0.148,0.302,1,5
dmel13465,1,0.129,1,0.628,0.667,0.227,0.322,0.32,0,5
hsap15618,1,0.16,1,0.792,1,0.88,0.036,0.113,1,2
hsap15468,1,0.231,1,0.107,0.65,0.802,0.017,0.313,1,3
hsap11234,1,0.133,1,0.224,0.125,0.384,0.626,0.054,0,4
hsap8096,1,0.161,1,0.523,0.484,0.875,0.023,0.148,1,2
hsap6645,1,0,1,0.004,1,0.073,0.056,0.942,0,1
dmel9563,1,0.231,1,0.982,0.537,0.643,0.026,0.338,1,4
hsap15676,1,0.167,1,0.333,0.417,0.717,0.156,0.075,1,3
hsap6591,1,0.2,1,0.82,0.58,0.786,0.056,0.131,1,2
hsap12192,1,-0.083,1,0.001,0.75,0.087,0.075,0.923,0,1
hsap20577,1,0.16,1,0.966,0.2,0.892,0.023,0.156,1,2
hsap3647,1,0.182,1,0.862,1,0.782,0.095,0.104,1,2
dmel6417,1,0.205,0,0.984,1,0.973,0.008,0.084,1,1
hsap10125,1,-0.062,1,0,1,0.056,0.414,0.79,0,4
dmel7196,1,0.081,1,0.95,0,0.655,0.051,0.227,1,3
hsap9852,1,0.129,1,0.992,0.625,0.84,0.402,0.014,1,3
hsap862,1,0.149,1,0.724,0.33,0.391,0.053,0.654,0,4
hsap9907,1,0.038,1,0,0,0.121,0.109,0.793,0,2
dmel2915,1,0,1,0.013,0,0.01,0.999,0.013,0,1
dmel5695,1,0,1,0.002,0.275,0.116,0.059,0.902,0,2
hsap14485,1,0.125,1,0.01,0.5,0.137,0.066,0.848,0,2
hsap3741,1,0.128,1,0.964,0.8,0.908,0.137,0.018,1,2
hsap14546,1,0.217,1,0.94,0.544,0.871,0.022,0.182,1,2
hsap18377,1,0.065,1,0.004,0.689,0.249,0.042,0.79,0,3
dmel12585,1,0.09,1,0.007,1,0.233,0.068,0.764,0,3
dmel8841,1,0.079,1,0.265,0.857,0.348,0.062,0.619,0,4
hsap7598,1,0.13,1,0.001,0.5,0.663,0.048,0.309,1,4
hsap16366,1,0.286,1,0.018,0.188,0.706,0.048,0.255,1,3
hsap3619,1,0.069,1,0.023,0.9,0.136,0.089,0.83,0,2
dmel8564,1,0.231,1,0.597,1,0.608,0.041,0.449,1,5
hsap5251,1,0.208,1,0.996,1,0.938,0.027,0.079,1,1
hsap19012,1,0.143,1,0.931,0,0.664,0.076,0.133,1,3
hsap4834,1,0.079,1,0.011,1,0.236,0.03,0.858,0,2
hsap10155,1,0.16,1,0.388,0.583,0.879,0.052,0.088,1,2
dmel10343,1,0.045,1,0.992,0.667,0.762,0.062,0.108,1,2
hsap783,1,0.043,1,0,0.583,0.015,0.943,0.18,0,2
hsap2099,1,0.143,1,0.996,0.5,0.824,0.356,0.03,1,3
dmel4243,1,0.2,0,0.982,0.833,0.929,0.011,0.158,1,2
hsap10820,1,0.15,1,0.06,0,0.457,0.069,0.513,0,5
dmel5401,1,-0.049,1,0,0.75,0.059,0.043,0.959,0,1
hsap12613,1,0.269,1,0.096,0.19,0.534,0.37,0.215,1,5
hsap20410,1,0.075,1,0.319,1,0.806,0.037,0.184,1,2
dmel13516,1,0.194,0,0.416,0,0.852,0.09,0.064,1,2
hsap14469,1,0.107,1,0.005,0,0.666,0.116,0.223,1,3
hsap5503,1,0.05,1,0.015,0.166,0.048,0.874,0.064,0,1
dmel6497,1,0.188,0,0.993,1,0.931,0.024,0.086,1,1
hsap15339,1,0.032,1,0.001,1,0.129,0.799,0.055,0,2
dmel8786,1,0.182,1,0.986,0,0.752,0.085,0.154,1,3
hsap11871,1,0.1,1,0.015,0.182,0.118,0.426,0.391,0,5
hsap5908,1,0.171,1,0.996,0.75,0.969,0.028,0.035,1,1
dmel11962,1,0.17,1,0.98,0.278,0.885,0.019,0.198,1,2
hsap13349,1,-0.06,1,0.004,0.125,0.317,0.051,0.673,0,4
hsap3210,1,0.107,1,0.613,0.263,0.842,0.037,0.186,1,2
hsap5825,1,0.172,1,0.982,0.166,0.948,0.028,0.044,1,1
hsap15045,1,0.094,1,0.002,1,0.108,0.247,0.72,0,3
dmel13483,1,0.25,0,0.999,1,0.957,0.023,0.081,1,1
hsap14346,1,0,1,0.003,0.833,0.077,0.311,0.591,0,4
dmel6223,1,0.136,1,0.508,1,0.677,0.03,0.466,1,4
dmel7926,1,0.091,1,0.009,0.227,0.044,0.892,0.064,0,1
dmel2432,1,0.075,1,0.444,0.618,0.49,0.052,0.558,0,5
hsap12678,1,0.039,1,0.001,0.1,0.616,0.056,0.421,1,5
hsap3092,1,0.025,1,0.008,0.5,0.132,0.301,0.463,0,5
hsap1241,1,-0.095,1,0,0.833,0.1,0.071,0.898,0,2
hsap18028,1,0.15,1,0.729,0.583,0.895,0.066,0.062,1,1
dmel5134,1,0.167,1,0.996,0.537,0.779,0.057,0.23,1,3
hsap16556,1,0.132,1,0.038,0,0.459,0.523,0.033,0,5
dmel742,1,0.06,1,0.579,0.3,0.71,0.066,0.201,1,3
dmel9871,1,0.16,1,0.93,1,0.943,0.013,0.12,1,1
hsap19866,1,-0.062,1,0.007,0.333,0.055,0.128,0.902,0,2
hsap15527,1,0.087,1,0.082,0.375,0.484,0.067,0.371,1,5
hsap2074,1,0.179,1,1,0.5,0.837,0.033,0.19,1,2
hsap18705,1,0.015,1,0.009,0.5,0.007,0.989,0.058,0,1
hsap16454,1,0.132,1,0.979,0.778,0.754,0.147,0.049,1,2
hsap13654,1,0.2,1,0.434,0.028,0.793,0.039,0.218,1,3
hsap10850,1,0.146,1,0.301,0.75,0.183,0.079,0.776,0,3
dmel13406,1,0.111,1,0.123,0.564,0.263,0.288,0.192,0,5
dmel12706,1,0.156,1,0.418,0.5,0.847,0.025,0.215,1,2
hsap20148,1,0.071,1,0,0.062,0.065,0.078,0.911,0,1
hsap16565,1,0.188,1,0.006,0,0.19,0.102,0.772,0,3
dmel3485,1,0.094,1,0.549,0.7,0.746,0.032,0.228,1,3
hsap11374,1,0.19,1,0.494,0.75,0.581,0.695,0.007,0,5
hsap5007,1,0.025,1,0.003,1,0.105,0.049,0.912,0,1
dmel2552,1,0.061,1,0.008,0,0.021,0.746,0.566,0,5
hsap7720,1,0.098,1,0.996,0.188,0.873,0.102,0.048,1,2
hsap3255,1,0.071,1,0.076,1,0.076,0.364,0.421,0,5
hsap20157,1,0.077,1,0.099,0,0.057,0.963,0.029,0,1
dmel3552,1,0.013,1,0.955,1,0.163,0.049,0.813,0,2
hsap15664,1,0.114,1,0.916,0,0.839,0.117,0.062,1,2
dmel7837,1,0.1,0,0.16,0.304,0.686,0.061,0.172,1,3
hsap5427,1,0.118,1,0.996,0.741,0.767,0.139,0.047,1,2
dmel5108,1,0.189,0,0.729,0,0.804,0.021,0.243,1,3
hsap6769,1,0.048,1,0,1,0.04,0.95,0.03,0,1
dmel2424,1,0.083,1,0.588,0.304,0.621,0.041,0.372,1,4
dmel6135,1,0.174,1,0.748,0.199,0.656,0.072,0.241,1,3
dmel7644,1,0.152,0,0.924,0.174,0.936,0.019,0.088,1,1
hsap17767,1,0,1,0,0.125,0.072,0.078,0.932,0,1
dmel7792,1,0.025,1,0.013,0.14,0.063,0.627,0.42,0,4
hsap3367,1,0.095,1,0.35,1,0.608,0.038,0.308,1,4
dmel11734,1,0.286,0,0.971,1,0.912,0.025,0.139,1,2
hsap17640,1,0.149,1,0.999,1,0.969,0.033,0.037,1,1
hsap11004,1,0.1,1,0.585,1,0.625,0.086,0.234,1,4
dmel10481,1,-0.022,1,0.012,1,0.055,0.199,0.839,0,2
hsap20325,1,0.167,1,0.741,1,0.822,0.304,0.022,1,3
hsap13878,1,0.235,0,0.852,0,0.859,0.071,0.063,1,2
hsap5976,1,0.278,1,0.716,0.536,0.557,0.319,0.048,1,4
hsap11166,1,0.3,1,0.058,0.055,0.912,0.039,0.092,1,1
hsap13273,1,0.062,1,0.721,1,0.847,0.095,0.056,1,2
hsap7831,1,0.167,1,0.999,0.75,0.752,0.233,0.12,1,3
hsap8005,1,-0.143,1,0,0.25,0.059,0.061,0.943,0,1
dmel6138,1,0.17,0,0.848,1,0.895,0.014,0.18,1,2
dmel4888,1,0.25,1,0.002,1,0.103,0.931,0.022,0,1
dmel6322,1,0.111,1,0.353,1,0.539,0.049,0.436,1,5
hsap16789,1,0.145,1,0.991,0.5,0.857,0.075,0.093,1,2
dmel8737,1,0.182,1,0.097,0,0.531,0.04,0.53,1,5
hsap3314,1,0.045,1,0.002,0.037,0.818,0.033,0.192,1,2
hsap4964,1,0.111,1,0.974,1,0.834,0.089,0.068,1,2
hsap19624,1,0.143,1,0.019,0.233,0.951,0.014,0.121,1,1
hsap7603,1,0.093,1,0.729,0.5,0.621,0.039,0.368,1,4
hsap6567,1,0,1,0.002,0.58,0.341,0.091,0.499,0,5
hsap5303,1,-0.071,1,0,0,0.147,0.102,0.789,0,2
hsap18536,1,0.217,1,0.978,0,0.872,0.039,0.129,1,2
hsap2938,1,0.176,1,0.542,0,0.809,0.326,0.025,1,3
dmel190,1,0.107,1,0.025,0.367,0.204,0.023,0.907,0,2
hsap2344,1,0.19,1,0.12,0.241,0.358,0.129,0.404,0,5
hsap7854,1,0.188,1,0.119,1,0.478,0.042,0.574,0,5
hsap17634,1,0.111,1,0.083,0,0.242,0.018,0.763,0,3
hsap5450,1,0.029,1,0,0.125,0.478,0.039,0.626,0,5
hsap5183,1,0.085,0,0.996,0.5,0.619,0.148,0.101,1,3
hsap18706,1,0.143,1,0.961,0.625,0.874,0.065,0.132,1,2
hsap15319,1,0.074,1,0.012,0.128,0.229,0.052,0.733,0,3
dmel8306,1,0.17,1,0.381,0.75,0.347,0.056,0.634,0,4
mmus18453,1,-0.111,1,0,0.333,0.07,0.062,0.931,0,1
hsap5907,1,0.176,1,0.996,0.714,0.951,0.025,0.054,1,1
hsap18924,1,0.16,1,0.96,0.244,0.923,0.059,0.065,1,1
hsap13296,1,0.167,1,0.751,0.417,0.939,0.028,0.049,1,1
hsap18394,1,0,1,0.002,0.071,0.38,0.076,0.476,0,5
dmel4555,1,0.182,1,0.983,1,0.854,0.048,0.06,1,2
hsap4186,1,0.036,1,0.012,0.375,0.57,0.153,0.139,1,3
dmel11530,1,0.011,1,0.004,0.381,0.404,0.047,0.611,0,4
dmel8683,1,0.08,1,0.009,0.833,0.205,0.133,0.664,0,3
dmel11599,1,-0.015,1,0,1,0.079,0.277,0.775,0,3
hsap14496,1,0.059,1,0.259,1,0.542,0.074,0.283,1,4
hsap10985,1,0.19,1,0.279,0.171,0.844,0.308,0.05,1,3
hsap20426,1,0.312,1,0.991,0.7,0.856,0.093,0.042,1,2
hsap11088,1,0.162,1,0.39,0,0.396,0.833,0.005,0,3
hsap6545,1,0.132,1,0.993,0.845,0.925,0.051,0.055,1,1
dmel8889,1,0.185,1,0.457,0.009,0.582,0.07,0.43,1,5
dmel3508,1,-0.143,1,0.001,0.055,0.08,0.064,0.919,0,1
hsap16649,1,0.098,1,0.992,0.75,0.844,0.078,0.135,1,2
hsap14876,1,0.017,1,0.002,0.2,0.268,0.29,0.443,0,5
hsap17158,1,0.053,1,0.017,0.583,0.724,0.021,0.356,1,4
hsap2473,1,-0.086,1,0,0.132,0.058,0.175,0.894,0,2
hsap11214,1,0.316,1,0.01,0.5,0.538,0.065,0.426,1,5
dmel11519,1,0.25,1,0.996,0.079,0.679,0.044,0.317,1,4
dmel11740,1,0,1,0.031,0.564,0.098,0.367,0.489,0,5
dmel12682,1,0.259,1,0.24,0.75,0.474,0.074,0.323,1,5
dmel7054,1,0.083,1,0.9,0.333,0.409,0.074,0.553,0,5
hsap5687,1,0.027,1,0,0.112,0.074,0.066,0.925,0,1
hsap18693,1,0,1,0.003,0.1,0.116,0.371,0.551,0,5
dmel6733,1,0.167,1,0.994,1,0.913,0.065,0.053,1,1
dmel9874,1,0.208,1,0.964,0.733,0.9,0.018,0.194,1,2
dmel6129,1,0.192,1,0.986,1,0.94,0.016,0.135,1,1
hsap18580,1,0.013,1,0.027,0.833,0.525,0.09,0.347,1,5
hsap6671,1,0.171,1,0.02,0.375,0.935,0.01,0.167,1,2
hsap16769,1,0.118,1,0.912,0.5,0.895,0.025,0.126,1,2
dmel8699,1,0.138,1,0.71,0.551,0.898,0.021,0.125,1,2
dmel8974,1,0.154,1,0.98,1,0.739,0.092,0.143,1,3
hsap14757,1,-0.079,1,0,0,0.061,0.051,0.955,0,1
hsap12496,1,0.118,1,0.886,0,0.801,0.049,0.199,1,2
hsap1133,1,0.014,1,0.49,0.25,0.866,0.041,0.113,1,2
dmel11721,1,-0.038,1,0,0.409,0.068,0.156,0.915,0,2
hsap11662,1,0.035,1,0.003,0.689,0.031,0.452,0.824,0,4
dmel3274,1,0.012,1,0.01,1,0.677,0.044,0.325,1,4
hsap15374,1,-0.028,1,0.002,0.689,0.092,0.063,0.899,0,1
hsap15571,1,0.167,1,0.997,0,0.894,0.074,0.063,1,1
hsap7775,1,0.171,1,0.97,0.1,0.919,0.035,0.092,1,1
hsap2605,1,0.207,1,0.002,0.015,0.498,0.079,0.507,0,5
hsap8452,1,0.169,1,0.253,0.167,0.352,0.444,0.158,0,5
dmel7097,1,0.302,1,0.099,1,0.107,0.042,0.901,0,2
hsap10462,1,0.12,1,0.349,0.112,0.531,0.073,0.46,1,5
hsap20429,1,0.179,1,0.996,0.056,0.888,0.037,0.103,1,2
hsap13182,1,0.182,1,0.087,1,0.504,0.062,0.364,1,5
dmel7256,1,0.016,1,0.006,1,0.144,0.439,0.419,0,5
hsap3159,1,0.062,1,0.005,0.128,0.409,0.021,0.679,0,4
hsap17130,1,0.174,1,0.343,1,0.504,0.097,0.35,1,5
dmel3685,1,0.098,1,0.299,0.014,0.691,0.038,0.329,1,4
hsap2579,1,0.015,1,0.05,0.214,0.577,0.088,0.271,1,4
dmel11938,1,0.125,1,0.325,0.75,0.644,0.025,0.461,1,5
hsap2212,1,0.1,1,0.247,0.5,0.803,0.028,0.199,1,2
dmel8515,1,-0.036,1,0,0,0.232,0.084,0.747,0,3
hsap20501,1,0.16,1,0.978,1,0.959,0.011,0.075,1,1
hsap16592,1,0.036,1,0.002,0.75,0.103,0.143,0.75,0,2
dmel12643,1,0.026,1,0.532,0.833,0.472,0.243,0.081,1,4
hsap11885,1,0.065,1,0.625,1,0.663,0.242,0.091,1,3
hsap14801,1,0.077,1,0.689,1,0.703,0.354,0.027,1,4
hsap14454,1,0,1,0.003,0.689,0.027,0.395,0.793,0,4
hsap6917,1,0.069,1,0.047,0.833,0.115,0.076,0.87,0,2
dmel5528,1,0,1,0.006,0,0.025,0.946,0.072,0,1
hsap3264,1,0.061,1,0.396,0.75,0.22,0.118,0.621,0,3
hsap15416,1,0.122,1,0.065,0,0.439,0.188,0.342,1,5
hsap7600,1,0.155,1,0.996,1,0.926,0.028,0.096,1,1
hsap8870,1,0.143,1,0.261,0.583,0.842,0.027,0.243,1,3
hsap9689,1,0.16,1,0.974,1,0.894,0.05,0.082,1,1
dmel4792,1,0.122,1,0.015,0.053,0.099,0.771,0.059,0,2
hsap15673,1,0.091,1,0.161,0.5,0.071,0.914,0.068,0,1
hsap3251,1,-0.042,1,0,1,0.054,0.11,0.889,0,2
hsap18513,1,0.025,1,0.003,0.244,0.034,0.964,0.049,0,1
hsap18075,1,0.151,1,0.436,0.484,0.636,0.078,0.356,1,4
hsap9971,1,0,1,0.002,0.608,0.048,0.231,0.789,0,3
hsap4165,1,0.103,1,0.07,1,0.49,0.025,0.549,0,5
hsap15496,1,0.111,1,0.001,0.083,0.117,0.169,0.726,0,3
dmel685,1,-0.02,1,0.008,0,0.018,0.913,0.105,0,1
hsap9893,1,0.208,1,0.968,0.25,0.824,0.018,0.249,1,3
hsap13196,1,0.2,1,0.46,0.5,0.837,0.279,0.045,1,3
hsap8878,1,0,1,0.002,0.167,0.056,0.068,0.947,0,1
dmel4008,1,-0.053,1,0.001,0.308,0.024,0.948,0.059,0,1
dmel10873,1,0.2,1,0.901,1,0.913,0.027,0.093,1,1
dmel4616,1,0.188,1,0.214,0.9,0.622,0.042,0.347,1,4
hsap9986,1,-0.053,1,0.001,0.095,0.108,0.055,0.884,0,2
hsap17070,1,0.129,1,0.014,0.25,0.095,0.343,0.723,0,4
hsap17705,1,0.19,1,0.769,0,0.92,0.047,0.092,1,1
hsap15754,1,0.106,1,0.899,0.667,0.367,0.041,0.709,0,4
dmel8397,1,0,1,0.005,1,0.041,0.312,0.909,0,3
hsap17350,1,-0.067,1,0,0.125,0.059,0.101,0.928,0,1
hsap3564,1,0.077,1,0.007,0.1,0.487,0.65,0.012,0,5
hsap15386,1,0.067,1,0.003,0,0.132,0.075,0.843,0,2
hsap16224,1,0,1,0.693,0,0.217,0.076,0.733,0,3
dmel6160,1,0.029,1,0.004,0,0.134,0.056,0.837,0,2
hsap17902,1,0.136,1,0.107,0.5,0.709,0.064,0.123,1,3
dmel7322,1,0.014,1,0,0.952,0.027,0.191,0.937,0,2
dmel12440,1,0.167,0,0.977,0.207,0.86,0.021,0.205,1,2
dmel4506,1,0.159,1,0.989,0.5,0.922,0.019,0.168,1,2
hsap20725,1,-0.026,1,0.001,0.027,0.066,0.351,0.761,0,3
hsap17244,1,0.159,1,0.996,0.027,0.923,0.026,0.12,1,1
hsap15800,1,-0.051,1,0,0.196,0.123,0.087,0.854,0,2
hsap18891,1,0.189,1,0.999,0.484,0.901,0.019,0.192,1,2
hsap20733,1,0,1,0,0.512,0.051,0.146,0.916,0,2
dmel12584,1,0.174,1,0.078,1,0.341,0.032,0.688,0,4
hsap12533,1,0.037,1,0,0.027,0.117,0.113,0.793,0,2
hsap11655,1,0.033,1,0.01,0.088,0.05,0.396,0.722,0,4
hsap10129,1,-0.087,1,0.001,1,0.074,0.231,0.848,0,2
dmel11945,1,0.353,1,0.918,1,0.855,0.026,0.245,1,2
dmel7585,1,0.047,1,0.488,0.367,0.717,0.06,0.241,1,3
dmel4820,1,0.083,1,0.344,1,0.557,0.248,0.136,1,4
hsap18230,1,-0.094,1,0,0.036,0.058,0.065,0.946,0,1
hsap2731,1,0.115,1,0.014,0.167,0.597,0.067,0.461,1,5
dmel3108,1,0.104,1,0.088,0.5,0.549,0.07,0.484,1,5
dmel5802,1,0.222,1,0.798,0.429,0.906,0.019,0.198,1,2
dmel11610,1,-0.049,1,0,0.75,0.081,0.206,0.767,0,3
dmel731,1,0.077,1,0.036,0.952,0.311,0.07,0.62,0,4
hsap789,1,0.114,1,0.161,0,0.867,0.044,0.113,1,2
hsap9975,1,0.095,1,0.605,1,0.745,0.038,0.118,1,2
dmel6410,1,0.152,1,0.97,1,0.899,0.049,0.088,1,1
dmel5272,1,0.042,1,0.46,1,0.19,0.086,0.712,0,3
hsap20593,1,0.062,1,0.096,1,0.542,0.039,0.496,1,5
hsap19181,1,-0.037,1,0,0,0.16,0.064,0.814,0,2
hsap18569,1,0.034,1,0.009,0.083,0.012,0.973,0.125,0,1
hsap7826,1,0.016,1,0.996,0.5,0.157,0.422,0.322,0,5
dmel8504,1,0.041,1,0.002,0.952,0.211,0.176,0.616,0,3
dmel7809,1,0.111,1,0,1,0.28,0.04,0.78,0,3
hsap16677,1,0.067,1,0.613,0.263,0.343,0.093,0.346,0,5
hsap13817,1,0.171,1,0.464,0.833,0.829,0.223,0.012,1,2
hsap6969,1,0.135,1,0.124,0.024,0.497,0.141,0.267,1,4
hsap13607,1,0.132,1,0.007,0.071,0.215,0.669,0.048,0,3
hsap18470,1,0.167,1,0.843,0.75,0.902,0.026,0.118,1,2
hsap18151,1,0.19,1,0.841,0.083,0.882,0.019,0.18,1,2
dmel2912,1,0.028,1,0.008,0.5,0.028,0.999,0.004,0,1
hsap3093,1,0.138,1,0.996,0.714,0.971,0.012,0.067,1,1
dmel8688,1,0.147,1,0.722,0.762,0.887,0.026,0.127,1,2
hsap2177,1,0.233,1,0.012,0.25,0.947,0.029,0.072,1,1
dmel241,1,0.077,1,0.001,0.733,0.019,0.875,0.375,0,3
hsap19798,1,0.091,1,0.596,1,0.463,0.06,0.471,0,5
hsap6158,1,0.064,1,0.002,0,0.056,0.101,0.91,0,1
hsap20534,1,0.16,1,0.52,0.5,0.887,0.055,0.089,1,2
hsap6685,1,0.154,1,0.962,0.845,0.634,0.072,0.241,1,4
hsap18566,1,0.107,1,0.051,0.123,0.317,0.865,0.025,0,3
dmel9898,1,0,1,0.003,0.125,0.034,0.92,0.047,0,1
hsap6078,1,0.029,1,0,0.025,0.136,0.923,0.016,0,2
hsap14413,1,-0.028,1,0,0.357,0.087,0.077,0.884,0,2
dmel1175,1,0.143,1,0.845,0.833,0.788,0.036,0.22,1,3
hsap5186,1,0.222,1,0.042,1,0.222,0.057,0.787,0,3
dmel4554,1,0.034,1,0,0.7,0.341,0.598,0.053,0,4
hsap8546,1,0.034,1,0.02,0.188,0.316,0.12,0.486,0,5
dmel9137,1,0.1,1,0.26,0.9,0.459,0.033,0.528,0,5
hsap18988,1,0.147,1,0.948,0.833,0.873,0.03,0.118,1,2
dmel10678,1,0.073,1,0.139,1,0.307,0.135,0.565,0,4
dmel3094,1,0.025,1,0,0.5,0.124,0.052,0.862,0,2
hsap812,1,0.097,1,0,0.158,0.133,0.054,0.885,0,2
hsap15764,1,-0.041,1,0,0.04,0.195,0.062,0.792,0,3
hsap6428,1,0.312,1,0.012,1,0.285,0.055,0.67,0,4
hsap10501,1,0.125,1,0.004,0.333,0.589,0.097,0.289,1,4
dmel6907,1,0.067,1,0.074,0.875,0.11,0.523,0.432,0,5
hsap15879,1,0.107,1,0.652,0,0.675,0.05,0.176,1,3
dmel3190,1,0.417,1,0.059,0.5,0.541,0.069,0.422,1,5
dmel10891,1,0.2,1,0.944,1,0.895,0.062,0.08,1,1
dmel6678,1,0.133,1,0.622,0.75,0.899,0.047,0.088,1,1
hsap7624,1,0.111,1,0.996,0.775,0.888,0.063,0.089,1,2
hsap11892,1,-0.011,0,0.154,0,0.719,0.063,0.218,1,3
hsap16088,1,0.114,1,0.029,0,0.22,0.045,0.761,0,3
hsap5903,1,0.071,1,0.002,0.417,0.066,0.051,0.933,0,1
dmel6828,1,0.1,1,0.29,1,0.532,0.037,0.465,1,5
hsap8792,1,0.286,1,0.273,0.75,0.615,0.349,0.02,1,4
hsap19249,1,-0.262,1,0,0.357,0.065,0.065,0.946,0,1
hsap16060,1,0.087,1,0.041,0.263,0.582,0.022,0.485,1,5
dmel10634,1,0.14,1,0.3,1,0.827,0.115,0.096,1,2
hsap4057,1,0,1,0.001,1,0.027,0.964,0.034,0,1
dmel13363,1,0.194,1,0.922,1,0.955,0.025,0.061,1,1
dmel13230,1,0.016,1,0,0,0.051,0.089,0.913,0,1
hsap6698,1,0.043,1,0.01,1,0.125,0.273,0.673,0,4
hsap16975,1,0.1,1,0.672,0.188,0.727,0.063,0.126,1,2
dmel5919,1,0.013,1,0.03,0.4,0.222,0.117,0.67,0,3
hsap12403,1,0.116,1,0.016,0.333,0.219,0.769,0.029,0,3
dmel2635,1,0,1,0.003,0.5,0.014,0.916,0.397,0,3
hsap14560,1,0.188,1,0.72,0,0.821,0.017,0.182,1,2
hsap20940,1,0.036,1,0.001,1,0.232,0.051,0.79,0,3
hsap6311,1,0.2,1,0.996,0.775,0.644,0.134,0.174,1,3
dmel2831,1,0,1,0.001,0.114,0.174,0.052,0.82,0,2
hsap12906,1,0.176,1,0.506,1,0.932,0.062,0.032,1,1
dmel8901,1,0.156,1,0.961,0.75,0.781,0.043,0.197,1,3
hsap5647,1,0.125,1,0.88,0.833,0.852,0.053,0.076,1,2
dmel12843,1,0.037,1,0,0.17,0.035,0.968,0.048,0,1
dmel9736,1,0.176,1,0.953,0.667,0.757,0.103,0.113,1,2
hsap5909,1,0,1,0.01,0.5,0.108,0.093,0.838,0,2
hsap9574,1,0.036,1,0.073,0,0.072,0.086,0.888,0,1
hsap5803,1,0.067,1,0.627,1,0.836,0.022,0.196,1,2
dmel2911,1,0.053,1,0.027,0,0.015,0.994,0.02,0,1
dmel3711,1,0.3,0,0.754,0,0.929,0.014,0.141,1,2
hsap9831,1,0.152,1,0.87,0.583,0.362,0.163,0.286,1,5
dmel2913,1,-0.047,1,0,0.5,0.016,0.997,0.01,0,1
hsap13887,1,0.1,1,0.107,1,0.482,0.164,0.067,1,4
dmel13536,1,0.185,1,0.687,0.679,0.769,0.04,0.266,1,3
hsap11251,1,0.154,1,0.406,0.261,0.894,0.024,0.131,1,2
dmel4667,1,-0.122,1,0,1,0.059,0.052,0.958,0,1
dmel6168,1,0.091,1,0.973,1,0.912,0.019,0.164,1,2
hsap1109,1,0.061,1,0.133,0.5,0.097,0.16,0.673,0,3
hsap6939,1,0.099,1,0.003,0.027,0.438,0.067,0.522,0,5
hsap19079,1,-0.054,1,0.021,0.045,0.064,0.154,0.858,0,2
dmel10125,1,0.136,0,0.939,1,0.937,0.026,0.06,1,1
hsap4736,1,0.091,1,0.996,1,0.889,0.19,0.031,1,2
hsap8679,1,0.143,1,0.116,0.7,0.728,0.328,0.017,1,4
hsap6630,1,0.127,1,0.099,0.211,0.684,0.02,0.409,1,4
hsap2173,1,-0.036,1,0.008,0.3,0.018,0.837,0.484,0,4
hsap18257,1,0.121,1,0.665,0.417,0.759,0.142,0.077,1,2
dmel4504,1,0.082,1,0.927,1,0.686,0.028,0.357,1,4
hsap2081,1,0.045,1,0.012,0.778,0.021,0.895,0.111,0,2
hsap16808,1,0.174,1,0.166,0,0.762,0.317,0.082,1,3
hsap9153,1,0.152,1,0.996,1,0.285,0.182,0.459,0,5
hsap8378,1,0.13,1,0.908,0.542,0.893,0.036,0.134,1,2
dmel9931,1,0.022,1,0,1,0.117,0.09,0.866,0,2
hsap16238,1,0.062,1,0,0.583,0.065,0.099,0.9,0,1
dmel6645,1,0,1,0.282,1,0.354,0.076,0.465,0,5
hsap7383,1,0.125,1,0.009,0.062,0.117,0.088,0.855,0,2
hsap6199,1,0.103,1,0.012,0.182,0.359,0.059,0.64,0,4
dmel13609,1,0.038,1,0.013,0.929,0.109,0.058,0.888,0,2
dmel13240,1,0.107,1,0.004,1,0.26,0.102,0.596,0,4
hsap5691,1,-0.054,1,0,0.583,0.02,0.96,0.076,0,1
hsap3773,0,0.057,0,0.002,0.1,0.094,0.085,0.855,0,2
dmel22,0,0.025,0,0,0.083,0.531,0.023,0.599,0,5
dmel849,0,0.207,0,0.31,0,0.521,0.039,0.626,0,5
hsap1223,0,0.021,0,0,0,0.091,0.498,0.608,0,5
hsap3695,0,-0.025,0,0,0,0.017,0.929,0.13,0,2
hsap2160,0,0.048,0,0.018,0,0.196,0.21,0.668,0,3
dmel265,0,0.261,0,0.022,0.019,0.664,0.008,0.574,1,5
hsap2623,0,0.125,0,0.121,0,0.523,0.028,0.682,0,5
dmel101,0,0.038,0,0,0.009,0.04,0.094,0.938,0,1
hsap2611,0,0.043,0,0,0,0.294,0.014,0.84,0,3
hsap4808,0,0.028,0,0,0.003,0.076,0.566,0.576,0,5
dmel392,0,0.067,0,0.006,0,0.487,0.037,0.534,0,5
dmel269,0,0.042,0,0.003,0,0.116,0.105,0.868,0,2
cele10594,0,-0.032,0,0,0,0.068,0.073,0.926,0,1
cele12589,0,0.125,0,0.011,0,0.442,0.044,0.572,0,5
dmel735,0,0.023,0,0,0,0.688,0.019,0.475,1,4
hsap2932,0,0.044,0,0.002,0,0.022,0.986,0.046,0,1
hsap3729,0,0.011,0,0.008,0,0.058,0.981,0.007,0,1
hsap3427,0,0.065,1,0.215,0.074,0.477,0.056,0.418,1,5
hsap3560,0,-0.018,0,0.003,0,0.02,0.983,0.042,0,1
dmel866,0,0.013,0,0.006,0,0.017,0.966,0.183,0,2
dmel218,0,0.079,0,0.001,0,0.372,0.016,0.758,0,4
hsap1123,0,0.046,0,0.006,0.03,0.136,0.838,0.124,0,2
hsap1915,0,0.158,0,0.016,0.068,0.455,0.037,0.502,0,5
hsap4389,0,-0.071,0,0.002,0.088,0.116,0.055,0.885,0,2
hsap1100,0,0.103,0,0.03,0,0.602,0.044,0.457,1,5
hsap1095,0,-0.156,0,0,0.03,0.123,0.01,0.962,0,1
hsap3651,0,0.125,0,0.021,0.027,0.412,0.039,0.662,0,4
cele24376,0,0.017,0,0.033,0,0.217,0.045,0.682,0,3
hsap4587,0,0.15,0,0.18,0,0.629,0.033,0.461,1,5
cele9659,0,0.294,0,0,0,0.202,0.053,0.807,0,2
hsap1471,0,-0.014,0,0.05,0,0.043,0.865,0.088,0,2
hsap819,0,-0.065,0,0.008,0,0.081,0.133,0.842,0,2
dmel715,0,0.037,0,0.04,0.011,0.318,0.278,0.406,0,5
dmel476,0,-0.026,0,0,0.04,0.645,0.036,0.412,1,4
dmel85,0,0.25,0,0.163,0,0.268,0.027,0.812,0,3
dmel830,0,-0.067,0,0,0,0.078,0.067,0.934,0,1
cele1412,0,-0.146,0,0,0,0.061,0.059,0.952,0,1
hsap2002,0,0,0,0,0,0.093,0.044,0.927,0,1
hsap1793,0,0,0,0.001,0,0.074,0.1,0.915,0,1
hsap4590,0,0.081,0,0,0,0.54,0.044,0.552,0,5
dmel585,0,0,0,0,0,0.045,0.977,0.033,0,1
hsap23,0,0,0,0,0.026,0.036,0.969,0.035,0,1
hsap3296,0,0.077,0,0,0,0.314,0.038,0.725,0,3
hsap3356,0,-0.016,0,0,0,0.045,0.098,0.958,0,1
hsap956,0,-0.082,0,0.011,0,0.109,0.332,0.6,0,4
dmel795,0,0,0,0,0,0.007,0.979,0.125,0,1
cele26341,0,0.034,0,0.003,0,0.018,0.944,0.09,0,1
dmel864,0,-0.083,0,0,0,0.037,0.897,0.179,0,2
cele6146,0,-0.158,0,0.002,0.112,0.044,0.118,0.924,0,1
dmel785,0,0.152,0,0.023,0.047,0.097,0.059,0.891,0,2
hsap768,0,0.036,0,0.001,0,0.424,0.034,0.653,0,4
hsap3571,0,-0.021,0,0.001,0,0.1,0.103,0.839,0,2
dmel576,0,0.176,0,0.048,0.5,0.332,0.042,0.722,0,4
hsap571,0,0.049,0,0,0,0.641,0.031,0.497,1,5
hsap935,0,-0.017,0,0.025,0,0.653,0.059,0.345,1,4
dmel348,0,0.023,0,0,0.25,0.111,0.203,0.79,0,3
hsap4528,0,-0.119,0,0.01,0,0.183,0.105,0.682,0,3
hsap1439,0,0.058,0,0.005,0,0.155,0.042,0.879,0,2
hsap2416,0,0.045,0,0.008,0.013,0.147,0.153,0.771,0,2
hsap4113,0,0,0,0.011,0,0.193,0.018,0.884,0,2
dmel39,0,0.091,0,0.004,0,0.138,0.073,0.848,0,2
hsap2896,0,-0.132,0,0,0,0.107,0.097,0.873,0,2
dmel359,0,0.081,0,0.038,0,0.356,0.061,0.628,0,4
cele21972,0,0.182,0,0.031,0.5,0.284,0.052,0.722,0,3
hsap4606,0,0.061,0,0.007,0,0.137,0.072,0.819,0,2
hsap1356,0,0.031,0,0.049,0,0.048,0.908,0.027,0,1
hsap1176,0,0,0,0,0,0.031,0.989,0.033,0,1
hsap3538,0,0.022,0,0.006,0,0.031,0.973,0.028,0,1
hsap2925,0,-0.038,0,0.002,0.015,0.063,0.103,0.927,0,1
hsap2406,0,-0.036,0,0,0.003,0.231,0.059,0.782,0,3
hsap138,0,0.429,0,0.024,0.5,0.54,0.127,0.275,1,4
hsap4132,0,0,0,0,0,0.008,0.994,0.043,0,1
hsap486,0,0,0,0.161,0,0.361,0.437,0.188,0,5
dmel771,0,0,0,0,0.05,0.026,0.954,0.039,0,1
cele24818,0,-0.17,0,0,0,0.069,0.072,0.932,0,1
hsap4079,0,0.021,0,0.013,0,0.044,0.083,0.949,0,1
hsap610,0,0.106,1,0.012,0.301,0.074,0.297,0.698,0,3
hsap2463,0,0.042,0,0.165,0,0.223,0.111,0.719,0,3
hsap3820,0,0.156,0,0.055,0,0.034,0.891,0.121,0,2
hsap3774,0,0.024,1,0.002,1,0.005,0.981,0.199,0,2
dmel806,0,0.012,1,0.016,0.222,0.042,0.247,0.886,0,2
hsap3470,0,-0.016,0,0.106,0,0.039,0.648,0.373,0,4
hsap2060,0,0.054,0,0.023,0,0.261,0.9,0.005,0,2
dmel677,0,0.208,0,0.39,0,0.771,0.023,0.341,1,3
hsap1059,0,0.108,0,0.1,0.071,0.7,0.031,0.352,1,4
hsap2832,0,0.092,0,0.031,0,0.112,0.351,0.442,0,5
dmel884,0,0.083,0,0.004,0,0.028,0.963,0.052,0,1
hsap1209,0,0.061,0,0.096,0,0.163,0.367,0.579,0,4
dmel263,0,-0.27,0,0,0.007,0.028,0.179,0.961,0,2
cele4641,0,-0.02,0,0.364,0.233,0.334,0.043,0.627,0,4
hsap1674,0,0.167,0,0,0,0.044,0.959,0.047,0,1
cele4487,0,0,0,0,0,0.07,0.052,0.946,0,1
hsap623,0,0.125,0,0.018,0.015,0.713,0.047,0.315,1,4
hsap3023,0,-0.019,0,0,0,0.021,0.992,0.023,0,1
dmel880,0,0,0,0.056,0.025,0.151,0.808,0.035,0,2
hsap2720,0,0.053,0,0.055,0,0.027,0.952,0.048,0,1
hsap2131,0,-0.033,0,0.012,0,0.031,0.775,0.312,0,3
cele20616,0,0.174,0,0.96,0.04,0.877,0.022,0.227,1,2
cele27965,0,0.029,0,0,0,0.067,0.908,0.062,0,1
hsap1078,0,0,0,0.061,0,0.465,0.064,0.416,1,5
hsap1508,0,-0.037,0,0.031,0,0.079,0.956,0.012,0,1
hsap1099,0,-0.129,0,0.001,0.052,0.054,0.225,0.822,0,3
hsap2626,0,0,0,0.001,0,0.031,0.949,0.08,0,1
hsap569,0,0.071,0,0.002,0,0.09,0.896,0.039,0,1
hsap4519,0,0.065,0,0.002,0,0.228,0.038,0.812,0,3
hsap4734,0,-0.056,0,0.003,0,0.071,0.036,0.951,0,1
hsap2243,0,-0.011,0,0.008,0,0.09,0.948,0.024,0,1
cele16995,0,0.05,0,0.001,0,0.176,0.04,0.863,0,2
hsap3299,0,0.024,0,0.002,0,0.061,0.077,0.93,0,1
dmel872,0,0.094,0,0.001,0,0.055,0.914,0.042,0,1
dmel869,0,0.03,0,0.001,0,0.078,0.858,0.083,0,2
hsap1304,0,0.167,0,0.004,0,0.786,0.044,0.28,1,3
hsap4796,0,-0.057,0,0,0,0.085,0.221,0.688,0,3
hsap4699,0,0,0,0,0.277,0.191,0.04,0.849,0,2
hsap2674,0,-0.031,0,0.005,0,0.103,0.058,0.918,0,1
hsap4339,0,0.086,0,0.006,0,0.218,0.026,0.836,0,2
dmel622,0,0,0,0.006,0.047,0.174,0.071,0.789,0,2
dmel97,0,-0.044,0,0.019,0,0.063,0.117,0.92,0,1
hsap3090,0,-0.016,0,0.001,0,0.057,0.235,0.824,0,3
hsap1598,0,0.135,0,0.054,0,0.254,0.175,0.416,0,5
hsap1515,0,0,0,0.2,0.009,0.173,0.093,0.792,0,2
hsap3062,0,0.017,0,0.001,0,0.34,0.062,0.617,0,4
dmel215,0,0.083,0,0.01,0,0.151,0.136,0.662,0,3
hsap1199,0,-0.026,0,0.001,0,0.044,0.993,0.016,0,1
hsap4194,0,-0.1,0,0.001,0.007,0.021,0.289,0.941,0,2
hsap3141,0,-0.062,0,0,0.028,0.014,0.944,0.096,0,1
hsap2648,0,-0.077,0,0,0,0.069,0.072,0.935,0,1
hsap2272,0,-0.167,0,0,0.318,0.062,0.074,0.937,0,1
dmel438,0,0.103,0,0.012,0.074,0.021,0.155,0.947,0,2
hsap3186,0,0.115,0,0.023,0,0.484,0.738,0.007,0,4
dmel639,0,0.038,0,0.047,0,0.563,0.044,0.481,1,5
dmel42,0,0.119,0,0.043,0,0.289,0.069,0.701,0,3
dmel720,0,-0.03,0,0.002,0,0.059,0.124,0.892,0,2
hsap2476,0,0.095,0,0.06,0.042,0.058,0.846,0.111,0,2
hsap928,0,-0.022,0,0.001,0,0.176,0.048,0.82,0,2
dmel37,0,0.024,0,0.001,0.011,0.019,0.944,0.098,0,1
dmel668,0,0.107,1,0.022,0.889,0.318,0.782,0.015,0,3
hsap2591,0,0.113,0,0.001,0.015,0.173,0.097,0.848,0,2
hsap3717,0,0.011,0,0.002,0,0.108,0.053,0.905,0,2
hsap1921,0,-0.041,0,0,0.003,0.103,0.403,0.654,0,4
hsap2293,0,0.12,0,0.012,0,0.36,0.095,0.511,0,5
dmel152,0,-0.037,0,0.003,0.011,0.023,0.943,0.061,0,1
hsap2162,0,-0.123,0,0,0.012,0.057,0.055,0.96,0,1
dmel14,0,0.048,0,0.011,0,0.349,0.029,0.738,0,4
hsap3952,0,0.167,0,0.012,0,0.38,0.873,0.013,0,3
hsap732,0,0.237,0,0.09,0.083,0.361,0.028,0.704,0,4
hsap2930,0,0.185,1,0.086,0.112,0.82,0.077,0.121,1,2
hsap1132,0,0,0,0.002,0,0.059,0.159,0.803,0,2
hsap2877,0,-0.139,0,0,0.018,0.071,0.068,0.929,0,1
hsap64,0,0.025,0,0,0.026,0.02,0.91,0.119,0,2
dmel630,0,0.031,0,0.001,0,0.092,0.134,0.853,0,2
dmel230,0,0.033,1,0.107,0.304,0.046,0.828,0.161,0,2
hsap1845,0,-0.014,0,0.033,0.214,0.163,0.163,0.557,0,4
dmel38,0,0.121,0,0.191,0,0.744,0.042,0.187,1,3
dmel818,0,-0.062,0,0.003,0,0.065,0.082,0.919,0,1
hsap2314,0,-0.103,0,0,0,0.078,0.06,0.933,0,1
dmel140,0,0.051,0,0.037,0,0.081,0.96,0.012,0,1
hsap3552,0,0,0,0,0,0.205,0.048,0.799,0,3
hsap3626,0,0.156,0,0.306,0.088,0.099,0.256,0.642,0,4
dmel367,0,-0.033,0,0,0.026,0.054,0.064,0.939,0,1
hsap1823,0,0.13,0,0.193,0.75,0.798,0.016,0.299,1,3
hsap4312,0,-0.043,0,0.006,0.333,0.103,0.056,0.894,0,2
hsap550,0,0.085,0,0.004,0,0.055,0.075,0.947,0,1
hsap1150,0,-0.051,0,0,0,0.09,0.045,0.936,0,1
hsap2640,0,-0.024,0,0.001,0.028,0.085,0.059,0.926,0,1
hsap3893,0,0.023,0,0.001,0,0.194,0.141,0.702,0,3
hsap482,0,0.087,0,0.005,0,0.044,0.896,0.046,0,1
hsap1990,0,0.111,0,0.155,0.25,0.264,0.092,0.621,0,4
hsap2078,0,0.16,0,0.175,0,0.702,0.389,0.015,1,4
hsap2502,0,0,0,0.001,0,0.119,0.036,0.904,0,2
hsap2758,0,-0.012,0,0.012,0.04,0.226,0.029,0.872,0,2
hsap412,0,0,0,0.004,0,0.205,0.082,0.749,0,3
dmel732,0,0.4,0,0.95,0,0.801,0.278,0.052,1,3
cele17745,0,0.014,0,0,0,0.035,0.936,0.049,0,1
hsap2249,0,0.061,0,0.008,0,0.043,0.935,0.061,0,1
hsap4261,0,-0.056,0,0,0.167,0.083,0.102,0.876,0,2
dmel89,0,0,0,0.001,0.007,0.076,0.061,0.931,0,1
hsap2558,0,0.083,0,0.009,0.071,0.534,0.035,0.547,0,5
hsap1417,0,0.077,0,0.065,0.055,0.42,0.049,0.584,0,5
dmel147,0,0.061,0,0.002,0,0.035,0.928,0.058,0,1
hsap1234,0,0,0,0,0,0.065,0.06,0.943,0,1
cele4999,0,-0.091,0,0,0,0.06,0.061,0.949,0,1
cele11945,0,0.139,0,0.021,0,0.049,0.577,0.254,0,4
hsap4061,0,-0.034,0,0.001,0,0.072,0.513,0.668,0,5
dmel323,0,0,0,0.018,0.038,0.294,0.378,0.366,0,5
hsap2565,0,0.067,0,0.065,0,0.147,0.051,0.825,0,2
hsap4211,0,-0.015,0,0.002,0.056,0.093,0.042,0.927,0,1
hsap47,0,0.021,0,0,0.026,0.033,0.983,0.032,0,1
cele14958,0,0,0,0.008,0,0.088,0.158,0.866,0,2
dmel804,0,0,0,0,0,0.027,0.951,0.068,0,1
hsap837,0,0.061,0,0.027,0,0.44,0.01,0.784,0,4
hsap3126,0,0.025,0,0.008,0.028,0.464,0.053,0.498,0,5
hsap3219,0,-0.1,0,0.001,0,0.08,0.424,0.607,0,5
cele4073,0,-0.031,0,0.005,0.033,0.028,0.169,0.892,0,2
hsap998,0,0.082,0,0,0.01,0.019,0.935,0.062,0,1
hsap3060,0,-0.02,0,0.001,0,0.067,0.129,0.855,0,2
dmel200,0,-0.017,0,0.013,0,0.046,0.512,0.77,0,4
hsap2580,0,-0.086,0,0,0,0.058,0.062,0.954,0,1
hsap1399,0,0.13,0,0.018,0.017,0.147,0.06,0.852,0,2
hsap2059,0,0,0,0,0.125,0.03,0.955,0.046,0,1
dmel126,0,-0.012,0,0,0,0.08,0.075,0.922,0,1
dmel536,0,0,0,0.005,0.03,0.186,0.056,0.802,0,2
hsap3037,0,0.182,0,0.031,0.066,0.599,0.276,0.132,1,4
hsap2951,0,-0.022,0,0,0.005,0.029,0.075,0.972,0,1
dmel352,0,0.085,1,0.006,0.051,0.461,0.028,0.595,0,5
dmel761,0,0.033,0,0.085,0.011,0.321,0.04,0.796,0,3
hsap2292,0,0.222,0,0.024,0.011,0.46,0.061,0.458,1,5
cele19808,0,-0.054,0,0,0.038,0.008,0.982,0.075,0,1
hsap2734,0,-0.013,0,0.005,0.1,0.049,0.154,0.898,0,2
hsap4301,0,-0.077,0,0.004,0,0.04,0.11,0.91,0,2
hsap1066,0,0.094,0,0.006,0,0.057,0.936,0.015,0,1
hsap1238,0,-0.145,0,0.001,0,0.068,0.087,0.94,0,1
dmel316,0,-0.065,0,0.001,0,0.089,0.205,0.798,0,3
hsap1960,0,0.048,0,0.001,0.003,0.08,0.951,0.025,0,1
hsap4612,0,0.07,1,0.086,0.75,0.697,0.239,0.138,1,3
hsap3783,0,0.083,0,0.015,0.017,0.065,0.593,0.202,0,4
hsap3690,0,0.095,0,0.009,0.038,0.427,0.735,0.006,0,4
dmel897,0,0,0,0.002,0,0.094,0.042,0.926,0,1
hsap4322,0,0,0,0,0.003,0.059,0.619,0.687,0,5
hsap882,0,-0.167,0,0,0,0.071,0.051,0.95,0,1
cele6200,0,-0.074,0,0.004,0.03,0.084,0.07,0.923,0,1
hsap4809,0,0.043,0,0.001,0,0.126,0.876,0.05,0,2
hsap1933,0,0,0,0.005,0.062,0.21,0.113,0.674,0,3
hsap3638,0,0.214,0,0.109,0.013,0.159,0.894,0.021,0,2
dmel486,0,-0.08,0,0,0,0.05,0.079,0.937,0,1
dmel212,0,-0.062,1,0,0.556,0.059,0.043,0.957,0,1
hsap1261,0,-0.056,0,0.009,0,0.017,0.953,0.076,0,1
dmel690,0,0.1,0,0.158,0,0.368,0.883,0.006,0,3
hsap3604,0,-0.041,0,0,0,0.079,0.086,0.903,0,1
dmel775,0,0,0,0.002,0,0.032,0.96,0.034,0,1
hsap924,0,0,0,0,0,0.089,0.079,0.887,0,2
dmel905,0,-0.017,0,0,0,0.069,0.925,0.019,0,1
hsap2261,0,-0.044,0,0.064,0.033,0.101,0.186,0.742,0,3
hsap3322,0,0,0,0.002,0,0.004,0.998,0.06,0,1
dmel797,0,-0.063,0,0,0.081,0.041,0.128,0.93,0,1
hsap4588,0,-0.022,0,0,0,0.088,0.061,0.921,0,1
hsap3306,0,0,0,0.003,0.088,0.17,0.096,0.677,0,3
cele4437,0,-0.275,0,0,0,0.088,0.055,0.934,0,1
hsap155,0,0,0,0.006,0.026,0.027,0.902,0.126,0,2
hsap2572,0,0,0,0,0,0.08,0.221,0.769,0,3
hsap4022,0,-0.069,0,0,0,0.019,0.911,0.136,0,2
dmel423,0,0.312,0,0.594,0,0.689,0.008,0.592,1,5
hsap2779,0,0,0,0.007,0.045,0.098,0.077,0.927,0,1
cele8920,0,-0.038,0,0,0,0.099,0.072,0.886,0,2
hsap3179,0,-0.034,0,0.001,0,0.068,0.279,0.607,0,4
hsap4349,0,0.161,0,0.006,0,0.489,0.516,0.02,0,5
dmel679,0,-0.019,0,0.004,0.011,0.025,0.965,0.038,0,1
hsap4173,0,0.04,0,0.001,0.003,0.032,0.964,0.084,0,1
hsap1257,0,-0.032,0,0.003,0,0.026,0.928,0.133,0,2
hsap3503,0,0.111,1,0.002,0,0.07,0.156,0.856,0,2
cele4191,0,-0.025,0,0.023,0.045,0.013,0.978,0.071,0,1
hsap4151,0,-0.385,0,0,0,0.059,0.05,0.957,0,1
hsap1138,0,0.025,0,0.033,0,0.072,0.924,0.166,0,2
hsap4131,0,-0.135,0,0,0.125,0.015,0.958,0.083,0,1
dmel908,0,-0.047,0,0.001,0,0.027,0.942,0.078,0,1
hsap2346,0,0,0,0.002,0,0.199,0.246,0.446,0,5
hsap1069,0,0.095,0,0.001,0,0.552,0.086,0.383,1,5
hsap784,0,0,0,0.002,0,0.008,0.994,0.06,0,1
hsap1237,0,-0.2,0,0.001,0.131,0.066,0.076,0.927,0,1
cele27721,0,0.023,0,0.005,0.062,0.047,0.282,0.877,0,3
hsap1275,0,0.073,0,0.087,0.04,0.646,0.029,0.422,1,4
dmel783,0,0.067,0,0.093,0.008,0.758,0.053,0.276,1,3
hsap3772,0,0.128,0,0.008,0.5,0.15,0.892,0.011,0,2
dmel84,0,0.222,0,0.275,0.537,0.412,0.055,0.445,0,5
dmel514,0,-0.114,0,0,0,0.073,0.301,0.73,0,3
hsap2229,0,-0.017,0,0,0.021,0.225,0.061,0.728,0,3
dmel258,0,0.055,0,0.002,0,0.041,0.926,0.062,0,1
hsap2057,0,0,0,0.001,0,0.043,0.86,0.122,0,2
dmel683,0,0.027,0,0.005,0,0.017,0.975,0.041,0,1
hsap3629,0,0,0,0.038,0,0.124,0.066,0.867,0,2
dmel245,0,0,0,0.001,0,0.186,0.087,0.812,0,2
hsap1520,0,0.051,0,0.002,0,0.773,0.026,0.29,1,3
hsap1185,0,0.062,0,0,0,0.173,0.213,0.682,0,3
hsap2570,0,0.103,0,0.026,0.012,0.134,0.05,0.883,0,2
hsap3151,0,-0.067,0,0.006,0,0.061,0.12,0.898,0,2
hsap3562,0,0.011,0,0,0,0.204,0.045,0.764,0,3
hsap2535,0,-0.087,0,0.005,0.123,0.044,0.093,0.954,0,1
hsap3526,0,-0.043,0,0,0,0.024,0.935,0.078,0,1
dmel31,0,0.107,0,0.052,0,0.598,0.027,0.48,1,5
cele4529,0,0.037,0,0.312,0,0.32,0.493,0.152,0,5
hsap4819,0,0.087,0,0.011,0.024,0.023,0.973,0.036,0,1
cele16677,0,-0.125,0,0.001,0,0.069,0.116,0.887,0,2
hsap3623,0,0.077,0,0.104,0.128,0.856,0.06,0.121,1,2
hsap2020,0,-0.16,0,0.002,0,0.061,0.084,0.934,0,1
hsap2557,0,0,1,0,0.2,0.224,0.128,0.622,0,4
cele3435,0,0.02,0,0,0,0.079,0.069,0.938,0,1
hsap741,0,0.067,0,0.001,0.026,0.188,0.6,0.245,0,4
hsap3493,0,-0.029,0,0.001,0,0.269,0.017,0.765,0,3
hsap2624,0,0.043,0,0.001,0,0.055,0.187,0.862,0,2
hsap1941,0,-0.176,0,0,0.013,0.037,0.11,0.96,0,1
hsap3894,0,0.02,0,0,0,0.34,0.242,0.31,1,5
dmel173,0,-0.119,0,0,0,0.052,0.052,0.964,0,1
dmel718,0,-0.167,0,0,0,0.038,0.435,0.797,0,4
hsap2587,0,-0.34,0,0,0.213,0.066,0.047,0.956,0,1
dmel96,0,0.023,0,0.001,0,0.028,0.924,0.064,0,1
hsap467,0,0.133,0,0.015,0,0.561,0.254,0.161,1,4
hsap2790,0,0.081,0,0.028,0,0.362,0.074,0.65,0,4
hsap4370,0,0.067,0,0.001,0,0.028,0.937,0.081,0,1
hsap3957,0,0.067,0,0.012,0,0.048,0.942,0.027,0,1
cele532,0,0.042,0,0.012,0.118,0.209,0.025,0.851,0,2
hsap3557,0,0.176,0,0.657,0.118,0.775,0.618,0.005,1,5
hsap1248,0,-0.127,0,0,0,0.059,0.06,0.945,0,1
cele23316,0,0.108,0,0.012,0,0.172,0.04,0.896,0,2
hsap899,0,-0.055,0,0,0.015,0.02,0.796,0.53,0,4
hsap2234,0,0.211,0,0.093,0.015,0.252,0.061,0.689,0,3
cele5165,0,0.167,0,0.078,0,0.42,0.049,0.599,0,5
dmel244,0,0.015,0,0,0.048,0.077,0.058,0.93,0,1
dmel762,0,0.194,0,0.013,0,0.3,0.029,0.762,0,3
dmel441,0,0.176,0,0.002,0.25,0.08,0.12,0.81,0,2
dmel788,0,0.05,0,0.178,0,0.293,0.085,0.622,0,4
hsap1736,0,0.389,0,0.04,0,0.525,0.806,0.024,0,4
dmel139,0,-0.061,0,0.001,0.008,0.023,0.94,0.102,0,1
hsap4193,0,-0.057,0,0.001,0.007,0.132,0.117,0.814,0,2
hsap1168,0,0.167,0,0.792,0,0.455,0.052,0.443,1,5
hsap3655,0,0.04,0,0.125,0.179,0.094,0.093,0.865,0,2
dmel260,0,-0.111,0,0,0.113,0.062,0.048,0.958,0,1
hsap3914,0,0.087,0,0.002,0.125,0.033,0.957,0.035,0,1
hsap2637,0,-0.024,0,0,0.005,0.057,0.038,0.961,0,1
hsap2431,0,0.046,0,0.005,0,0.359,0.032,0.748,0,4
dmel210,0,-0.012,0,0,0,0.03,0.251,0.927,0,2
hsap2165,0,0.108,0,0.016,0,0.518,0.063,0.397,1,5
dmel660,0,0.067,1,0,0.45,0.169,0.069,0.811,0,2
hsap3998,0,0.133,0,0.001,0,0.493,0.9,0.002,0,3
hsap4503,0,0.143,0,0,0,0.314,0.022,0.735,0,3
hsap1025,0,0.074,0,0.023,0,0.069,0.918,0.018,0,1
hsap495,0,0.115,0,0.014,0,0.264,0.077,0.711,0,3
hsap407,0,-0.049,0,0.03,0,0.198,0.205,0.597,0,4
hsap2853,0,0.04,0,0.011,0,0.234,0.048,0.785,0,3
hsap1908,0,-0.051,0,0.002,0,0.07,0.188,0.835,0,2
hsap2055,0,0.077,0,0.249,0,0.071,0.949,0.016,0,1
hsap3475,0,-0.051,0,0,0.088,0.228,0.227,0.292,0,5
hsap1289,0,0,0,0.001,0.003,0.016,0.526,0.77,0,4
hsap4449,0,0.085,0,0.001,0.007,0.501,0.127,0.32,1,5
hsap4577,0,0.13,0,0.23,0,0.32,0.14,0.485,0,5
hsap4394,0,0.071,0,0.048,0,0.076,0.193,0.792,0,3
hsap884,0,0.04,0,0.005,0.125,0.113,0.139,0.82,0,2
hsap807,0,-0.061,0,0,0,0.081,0.196,0.774,0,3
cele17623,0,-0.015,0,0.002,0.051,0.086,0.057,0.921,0,1
hsap504,0,0.063,0,0.007,0,0.104,0.103,0.918,0,1
hsap3228,0,-0.011,0,0.001,0,0.104,0.091,0.839,0,2
hsap3579,0,-0.182,0,0,0.417,0.065,0.058,0.943,0,1
hsap1341,0,0.192,0,0.011,0,0.182,0.05,0.84,0,2
hsap2575,0,-0.038,0,0,0,0.067,0.932,0.068,0,1
hsap3349,0,-0.083,0,0,0,0.072,0.067,0.93,0,1
dmel560,0,-0.016,0,0.003,0,0.102,0.068,0.909,0,1
hsap3697,0,0,0,0.135,0.026,0.263,0.609,0.046,0,4
cele26634,0,-0.047,0,0,0,0.172,0.046,0.867,0,2
hsap922,0,0.25,0,0.007,0,0.296,0.073,0.71,0,3
hsap3411,0,0,0,0.002,0,0.114,0.045,0.905,0,2
hsap1804,0,-0.053,0,0,0,0.068,0.071,0.893,0,1
hsap289,0,0.2,0,0.086,0.167,0.767,0.08,0.2,1,3
hsap1316,0,0.233,0,0.044,0,0.843,0.018,0.257,1,3
hsap3709,0,-0.056,0,0,0,0.068,0.04,0.949,0,1
dmel671,0,0.222,0,0.006,0,0.158,0.038,0.864,0,2
hsap4642,0,0.032,0,0,0,0.07,0.022,0.958,0,1
hsap1175,0,-0.043,0,0,0,0.122,0.039,0.891,0,2
hsap2541,0,0.034,0,0,0.196,0.097,0.068,0.901,0,1
hsap4816,0,-0.052,0,0,0,0.057,0.131,0.896,0,2
hsap791,0,0.035,0,0.001,0,0.292,0.108,0.595,0,4
hsap861,0,0.091,0,0.267,0.038,0.666,0.024,0.394,1,4
dmel23,0,0.115,0,0.376,0,0.532,0.041,0.418,1,5
hsap2305,0,0.059,0,0.902,0,0.486,0.055,0.439,1,5
dmel127,0,0,0,0,0,0.034,0.09,0.969,0,1
hsap3344,0,-0.091,0,0.001,0.196,0.064,0.066,0.922,0,1
dmel237,0,0.061,0,0.001,0.05,0.158,0.843,0.023,0,2
hsap2589,0,-0.179,0,0,0,0.091,0.076,0.895,0,1
hsap2615,0,-0.02,0,0,0,0.207,0.06,0.77,0,3
hsap293,0,-0.088,0,0.001,0.026,0.018,0.97,0.057,0,1
hsap2442,0,0.109,0,0.046,0,0.359,0.115,0.51,0,5
hsap3673,0,0.011,0,0,0,0.555,0.033,0.482,1,5
hsap3253,0,-0.082,0,0,0,0.06,0.077,0.924,0,1
hsap4444,0,-0.03,0,0.001,0,0.011,0.964,0.136,0,1
hsap2283,0,-0.026,0,0,0,0.128,0.153,0.754,0,2
hsap3711,0,-0.068,0,0,0.062,0.066,0.056,0.949,0,1
hsap1124,0,0.102,0,0.003,0.026,0.116,0.942,0.014,0,1
dmel65,0,0,0,0,0,0.019,0.776,0.404,0,4
dmel776,0,0,0,0.007,0,0.295,0.04,0.752,0,3
hsap3987,0,0,0,0.016,0.003,0.068,0.486,0.718,0,4
dmel324,0,0.143,0,0.003,0,0.231,0.032,0.8,0,3
hsap3207,0,-0.135,0,0,0,0.058,0.207,0.802,0,3
dmel837,0,-0.089,0,0.002,0,0.044,0.252,0.902,0,2
hsap3960,0,0.167,0,0.005,0,0.244,0.925,0.006,0,2
cele24985,0,0.051,0,0.004,0.03,0.363,0.046,0.666,0,4
hsap967,0,0.125,0,0.007,0.009,0.227,0.312,0.321,0,5
hsap2820,0,-0.067,0,0.001,0,0.081,0.075,0.941,0,1
hsap1424,0,0,0,0.004,0,0.222,0.038,0.788,0,3
cele27780,0,-0.071,0,0.02,0,0.127,0.042,0.881,0,2
hsap4621,0,0.211,0,0.129,0,0.402,0.092,0.465,0,5
cele17482,0,0,0,0.008,0,0.01,0.773,0.765,0,5
hsap3386,0,-0.037,0,0.013,0.128,0.099,0.09,0.851,0,2
hsap2328,0,-0.063,0,0.002,0.055,0.022,0.271,0.944,0,2
hsap288,0,0,0,0.009,0.026,0.134,0.906,0.019,0,2
hsap2785,0,-0.061,0,0,0,0.076,0.093,0.897,0,1
dmel213,0,0.067,0,0.024,0,0.063,0.839,0.131,0,2
hsap3316,0,-0.062,0,0,0,0.11,0.068,0.869,0,2
cele11236,0,0.071,1,0.02,0.051,0.282,0.038,0.751,0,3
hsap3975,0,0.036,1,0.061,1,0.01,0.998,0.038,0,1
dmel49,0,0.154,0,0.244,0,0.053,0.934,0.045,0,1
dmel642,0,0.125,0,0.011,0,0.787,0.47,0.01,1,4
hsap2287,0,-0.029,0,0.222,0.112,0.184,0.092,0.819,0,2
cele11210,0,-0.024,0,0.007,0,0.072,0.07,0.916,0,1
hsap1953,0,-0.036,0,0,0,0.057,0.075,0.933,0,1
cele20662,0,0.054,0,0.017,0,0.162,0.839,0.123,0,2
hsap1335,0,-0.069,0,0,0.026,0.005,0.975,0.15,0,1
cele25537,0,0.026,0,0.008,0,0.017,0.95,0.147,0,1
hsap2764,0,0.032,0,0.001,0,0.119,0.065,0.899,0,2
hsap3983,0,-0.049,0,0,0,0.023,0.93,0.068,0,1
hsap2834,0,0.122,0,0.105,0,0.299,0.129,0.494,0,5
hsap2922,0,0.033,1,0.004,0.417,0.064,0.05,0.926,0,1
hsap1406,0,0,0,0.002,0,0.071,0.126,0.864,0,2
cele13865,0,0,0,0.009,0,0.008,0.99,0.058,0,1
hsap1484,0,-0.125,0,0,0,0.05,0.055,0.956,0,1
dmel264,0,0.101,0,0.006,0,0.339,0.037,0.705,0,4
dmel643,0,0.176,0,0.002,0,0.379,0.113,0.512,0,5
hsap1567,0,0.037,0,0,0.244,0.005,0.997,0.041,0,1
hsap2614,0,0,0,0,0.003,0.069,0.692,0.549,0,5
cele24385,0,-0.018,0,0.006,0,0.015,0.917,0.31,0,2
hsap4246,0,-0.05,0,0,0,0.056,0.048,0.955,0,1
hsap4032,0,0.077,0,0.001,0.333,0.154,0.082,0.807,0,2
hsap2330,0,0.08,0,0.004,0,0.462,0.044,0.611,0,5
hsap2653,0,-0.12,0,0.001,0,0.137,0.068,0.881,0,2
hsap3162,0,-0.045,0,0,0.017,0.065,0.516,0.692,0,5
dmel66,0,-0.12,0,0.002,0,0.038,0.041,0.969,0,1
hsap902,0,0.053,0,0,0,0.039,0.57,0.594,0,5
dmel647,0,0.034,0,0.008,0,0.033,0.936,0.11,0,1
hsap2743,0,0.179,0,0.114,0.003,0.304,0.943,0.003,0,2
hsap3169,0,0.017,0,0.001,0,0.167,0.056,0.813,0,2
cele6942,0,-0.083,0,0,0,0.051,0.043,0.963,0,1
hsap4721,0,0.036,0,0.047,0,0.487,0.11,0.226,1,4
dmel901,0,0.011,0,0.002,0,0.094,0.025,0.949,0,1
hsap655,0,0,0,0,0,0.01,0.962,0.11,0,1
hsap4167,0,-0.13,0,0,0,0.053,0.041,0.966,0,1
hsap4055,0,0,0,0.006,0.083,0.005,0.992,0.115,0,1
dmel378,0,0.067,0,0.06,0,0.117,0.056,0.877,0,2
hsap4762,0,-0.125,0,0,0,0.056,0.056,0.955,0,1
cele20750,0,0.086,0,0.002,0,0.495,0.285,0.132,1,4
hsap1081,0,-0.058,0,0,0.039,0.085,0.083,0.898,0,1
hsap2082,0,-0.059,0,0.012,0,0.114,0.084,0.849,0,2
hsap3635,0,0.02,0,0.009,0.031,0.399,0.042,0.629,0,4
hsap2481,0,0.167,0,0.007,0,0.433,0.085,0.501,0,5
hsap3657,0,0,0,0.011,0,0.536,0.073,0.491,1,5
cele11032,0,0.011,0,0.001,0,0.063,0.944,0.041,0,1
dmel633,0,0.032,0,0.003,0,0.02,0.965,0.046,0,1
cele23977,0,-0.19,1,0,0.136,0.075,0.073,0.923,0,1
hsap1271,0,0.088,0,0.013,0,0.091,0.736,0.159,0,3
dmel853,0,0.107,0,0.113,0,0.441,0.124,0.448,0,5
cele11174,0,0.091,0,0,0,0.407,0.044,0.604,0,5
hsap2816,0,0,0,0,0.041,0.012,0.97,0.097,0,1
hsap4429,0,0,0,0.005,0,0.036,0.845,0.377,0,3
hsap557,0,-0.059,0,0,0,0.067,0.064,0.93,0,1
hsap785,0,-0.247,0,0,0,0.074,0.056,0.943,0,1
dmel54,0,0.152,0,0.068,0,0.663,0.033,0.396,1,4
hsap2700,0,-0.273,0,0,0.017,0.029,0.239,0.824,0,3
hsap968,0,0.308,0,0.675,0,0.758,0.061,0.204,1,3
hsap1469,0,-0.079,0,0.009,0,0.128,0.201,0.654,0,3
hsap1074,0,0.019,0,0,0,0.071,0.163,0.814,0,2
hsap2351,0,0.09,0,0.007,0,0.219,0.039,0.819,0,3
hsap545,0,0.1,0,0.115,0,0.806,0.016,0.342,1,3
hsap2983,0,-0.091,0,0,0,0.099,0.111,0.868,0,2
dmel602,0,-0.061,0,0,0.051,0.17,0.075,0.856,0,2
hsap3054,0,0.04,0,0.128,0,0.127,0.963,0.009,0,1
hsap1557,0,0,0,0.001,0.003,0.17,0.101,0.781,0,2
hsap145,0,0.091,0,0.004,0,0.346,0.147,0.499,0,5
hsap2038,0,-0.118,0,0.001,0.086,0.076,0.039,0.943,0,1
hsap4304,0,0.115,0,0.125,0.064,0.082,0.984,0.013,0,1
hsap3523,0,-0.093,0,0.001,0.146,0.094,0.099,0.883,0,2
dmel203,0,0.02,0,0.001,0.095,0.037,0.466,0.802,0,4
hsap1412,0,0.185,0,0.043,0,0.319,0.075,0.666,0,4
hsap4439,0,-0.037,0,0.002,0,0.063,0.102,0.902,0,2
hsap472,0,0.087,0,0.01,0,0.07,0.863,0.033,0,2
hsap2553,0,-0.042,0,0,0.233,0.127,0.043,0.87,0,2
dmel286,0,0.118,0,0.002,0,0.242,0.128,0.636,0,4
hsap1868,0,0.057,0,0,0,0.068,0.084,0.909,0,1
hsap2949,0,0.053,0,0.002,0.066,0.096,0.871,0.062,0,2
hsap3689,0,-0.085,0,0.001,0,0.068,0.115,0.914,0,2
cele23066,0,-0.013,0,0,0,0.071,0.163,0.837,0,2
dmel45,0,-0.061,0,0,0,0.025,0.97,0.061,0,1
hsap3229,0,-0.056,0,0.001,0.055,0.032,0.338,0.897,0,3
dmel134,0,0.135,0,0.016,0,0.049,0.944,0.023,0,1
hsap3134,0,-0.055,0,0.001,0,0.016,0.974,0.066,0,1
hsap2926,0,0.015,0,0.012,0,0.371,0.595,0.01,0,4
hsap632,0,-0.083,0,0,0,0.109,0.14,0.809,0,2
hsap2044,0,0.064,0,0.025,0.015,0.071,0.14,0.899,0,2
dmel845,0,0.036,0,0.03,0,0.485,0.042,0.608,0,5
hsap4155,0,0.023,0,0.026,0,0.09,0.044,0.932,0,1
dmel733,0,0.25,0,0.004,0,0.123,0.277,0.495,0,4
hsap4076,0,0.143,0,0.012,0.038,0.434,0.743,0.004,0,4
dmel261,0,0.04,0,0.013,0.038,0.009,0.974,0.109,0,1
dmel204,0,0.056,0,0.033,0,0.043,0.903,0.092,0,1
hsap4377,0,0.036,0,0.006,0.301,0.026,0.957,0.061,0,1
hsap3318,0,0.122,0,0.083,0.027,0.48,0.075,0.377,1,5
hsap4410,0,-0.035,0,0,0,0.139,0.19,0.706,0,3
hsap580,0,0.017,0,0.002,0,0.217,0.104,0.648,0,3
hsap4508,0,0,0,0.048,0,0.474,0.098,0.425,1,5
dmel909,0,0.016,0,0,0,0.036,0.149,0.903,0,2
cele15976,0,0.119,0,0.001,0,0.506,0.038,0.526,0,5
hsap983,0,0,0,0,0.052,0.122,0.091,0.797,0,2
hsap3094,0,0.038,0,0.012,0.273,0.053,0.89,0.033,0,1
hsap1831,0,0.093,0,0.005,0,0.186,0.04,0.835,0,2
hsap3098,0,0.167,0,0.032,0,0.211,0.211,0.525,0,4
hsap2049,0,-0.062,1,0,0.25,0.046,0.864,0.276,0,3
cele17750,0,-0.111,0,0,0,0.085,0.044,0.934,0,1
dmel702,0,0.036,0,0.003,0,0.309,0.087,0.657,0,4
hsap3828,0,0.017,0,0.012,0,0.026,0.96,0.043,0,1
hsap3605,0,0.099,0,0.056,0,0.696,0.026,0.299,1,4
dmel606,0,0,0,0.002,0,0.002,0.992,0.21,0,2
hsap2312,0,-0.04,0,0.001,0.083,0.165,0.21,0.617,0,3
hsap649,0,0.067,0,0.007,0,0.046,0.989,0.01,0,1
cele3548,0,-0.3,0,0,0,0.09,0.087,0.922,0,1
hsap3289,0,0.095,0,0.002,0.04,0.592,0.031,0.502,1,5
dmel304,0,0.022,0,0,0.016,0.216,0.078,0.746,0,3
dmel177,0,0.245,0,0.133,0,0.471,0.03,0.6,0,5
cele20690,0,-0.067,0,0,0,0.02,0.981,0.094,0,1
hsap3578,0,0.044,0,0.043,0,0.336,0.092,0.555,0,4
hsap1682,0,0.021,0,0,0,0.008,0.994,0.048,0,1
hsap1467,0,0.038,0,0.001,0,0.302,0.028,0.757,0,3
dmel33,0,0.1,0,0.002,0,0.095,0.933,0.017,0,1
hsap11,0,0.061,0,0.002,0.026,0.048,0.945,0.046,0,1
hsap1825,0,0.067,0,0.002,0,0.26,0.12,0.54,0,4
cele26552,0,-0.133,0,0.002,0.03,0.047,0.181,0.9,0,2
hsap240,0,0.02,0,0.036,0,0.057,0.623,0.626,0,5
hsap2508,0,0.176,0,0.032,0,0.156,0.558,0.195,0,4
dmel92,0,0.05,0,0.002,0,0.037,0.945,0.053,0,1
dmel696,0,-0.069,0,0.002,0.017,0.047,0.064,0.944,0,1
hsap1937,0,0.133,0,0,0,0.256,0.042,0.755,0,3
dmel257,0,-0.012,0,0.004,0.2,0.278,0.051,0.7,0,3
dmel332,0,-0.167,0,0,0,0.066,0.083,0.913,0,1
hsap4324,0,0.079,0,0.012,0,0.332,0.86,0.004,0,3
hsap3974,0,0.042,1,0.008,0.5,0.012,0.999,0.014,0,1
dmel185,0,0.115,0,0.054,0.018,0.302,0.063,0.667,0,4
hsap28,0,-0.034,0,0.002,0.026,0.039,0.903,0.107,0,2
hsap1169,0,-0.018,0,0.003,0.055,0.022,0.43,0.817,0,4
hsap3929,0,0.016,0,0.001,0,0.039,0.943,0.032,0,1
hsap986,0,0.033,0,0.012,0,0.075,0.297,0.733,0,3
dmel172,0,0.167,0,0.034,0.01,0.046,0.978,0.012,0,1
hsap1254,0,0.078,0,0.061,0,0.787,0.063,0.202,1,3
hsap4533,0,0.071,0,0.555,0,0.788,0.021,0.305,1,3
dmel300,0,0.032,0,0.002,0,0.072,0.986,0.01,0,1
dmel794,0,-0.077,0,0.001,0.354,0.052,0.161,0.909,0,2
dmel611,0,0.111,0,0,0,0.075,0.88,0.188,0,2
hsap2519,0,0.062,0,0.013,0.027,0.053,0.093,0.951,0,1
dmel833,0,-0.043,0,0.005,0,0.313,0.034,0.722,0,3
hsap29,0,0,0,0.005,0.026,0.035,0.872,0.135,0,2
hsap1364,0,0.209,0,0.592,0,0.641,0.042,0.409,1,4
hsap3755,0,0.083,0,0,0.004,0.078,0.902,0.037,0,1
hsap538,0,0,0,0.001,0,0.005,0.989,0.124,0,1
cele18566,0,0.2,0,0.772,0,0.672,0.034,0.429,1,4
hsap1708,0,0.091,0,0.005,0.062,0.754,0.034,0.31,1,3
hsap952,0,-0.048,1,0,0.156,0.116,0.078,0.856,0,2
hsap2678,0,0,0,0.071,0,0.119,0.055,0.878,0,2
hsap3788,0,0.02,0,0,0,0.076,0.933,0.023,0,1
hsap2130,0,-0.013,0,0,0.088,0.073,0.21,0.795,0,3
hsap3127,0,-0.132,0,0,0.028,0.073,0.049,0.945,0,1
dmel153,0,0,0,0.002,0.091,0.066,0.064,0.942,0,1
hsap4669,0,-0.026,0,0.006,0,0.12,0.141,0.773,0,2
hsap3309,0,-0.097,0,0,0,0.022,0.82,0.455,0,4
hsap2860,0,-0.02,0,0,0.026,0.026,0.899,0.187,0,2
dmel28,0,0.182,0,0.029,0,0.367,0.24,0.223,1,5
dmel734,0,0.014,0,0.001,0.136,0.059,0.059,0.943,0,1
hsap2309,0,0.025,0,0.011,0,0.027,0.977,0.022,0,1
hsap2839,0,0.077,0,0.001,0,0.065,0.915,0.034,0,1
dmel276,0,-0.048,0,0.001,0,0.064,0.049,0.932,0,1
hsap4728,0,-0.072,0,0.001,0.128,0.093,0.187,0.707,0,3
hsap2010,0,-0.053,0,0.011,0,0.04,0.885,0.18,0,2
hsap2514,0,-0.056,0,0.001,0.004,0.128,0.058,0.872,0,2
dmel760,0,0.057,0,0.003,0,0.517,0.057,0.469,1,5
hsap1667,0,-0.037,1,0.002,0.146,0.065,0.07,0.939,0,1
hsap3103,0,0.083,0,0.005,0,0.357,0.073,0.451,0,5
hsap551,0,-0.051,0,0,0,0.171,0.126,0.679,0,3
hsap4221,0,0,0,0,0,0.008,0.995,0.042,0,1
hsap1955,0,0.095,0,0.003,0,0.011,0.987,0.032,0,1
hsap2409,0,0.06,0,0.002,0,0.063,0.962,0.058,0,1
hsap4792,0,0.171,0,0.012,0.123,0.607,0.465,0.006,1,5
hsap1866,0,-0.067,0,0.001,0,0.031,0.599,0.604,0,5
cele23569,0,0.071,1,0.183,0.9,0.229,0.036,0.769,0,3
hsap4771,0,-0.091,1,0,0.25,0.057,0.298,0.812,0,3
hsap2003,0,-0.106,0,0,0.028,0.054,0.059,0.928,0,1
dmel624,0,-0.098,0,0.001,0,0.04,0.184,0.921,0,2
dmel381,0,0.065,0,0.021,0,0.122,0.599,0.197,0,3
dmel425,0,0.111,0,0.066,0,0.046,0.891,0.073,0,1
hsap2766,0,0.095,0,0.001,0.1,0.164,0.079,0.74,0,3
hsap3035,0,0,0,0,0,0.006,0.985,0.105,0,1
dmel353,0,0.333,0,0.006,0.038,0.072,0.939,0.047,0,1
cele4805,0,0.059,0,0.028,0,0.033,0.912,0.066,0,1
hsap1028,0,0.07,0,0.015,0,0.104,0.937,0.007,0,1
dmel673,0,0,0,0.01,0,0.211,0.038,0.797,0,3
dmel439,0,0,0,0,0,0.156,0.075,0.829,0,2
cele13862,0,0.043,0,0.026,0,0.097,0.842,0.165,0,2
hsap2726,0,0.074,0,0.012,0.318,0.139,0.391,0.308,0,5
hsap501,0,0.137,0,0.003,0,0.118,0.161,0.804,0,2
hsap2544,0,-0.032,0,0.001,0.009,0.044,0.097,0.943,0,1
hsap2562,0,-0.097,0,0.001,0,0.047,0.139,0.928,0,2
hsap3175,0,0.088,0,0.011,0.098,0.12,0.042,0.907,0,2
hsap1077,0,0.056,0,0.006,0,0.121,0.169,0.738,0,3
hsap3307,0,-0.029,0,0.027,0,0.09,0.781,0.108,0,2
cele1570,0,-0.115,0,0,0,0.062,0.054,0.954,0,1
cele22800,0,0.071,0,0.012,0.07,0.033,0.906,0.064,0,1
hsap1246,0,0.018,0,0.013,0.646,0.299,0.526,0.136,0,4
hsap2981,0,0.057,0,0.004,0.024,0.029,0.933,0.066,0,1
hsap4434,0,0.045,0,0.002,0,0.11,0.068,0.851,0,2
hsap4501,0,0,0,0,0,0.05,0.075,0.944,0,1
hsap3001,0,-0.121,0,0,0,0.327,0.136,0.255,1,5
hsap2642,0,0,0,0,0,0.015,0.967,0.075,0,1
hsap853,0,-0.014,0,0.004,0,0.107,0.545,0.519,0,5
hsap2821,0,-0.067,0,0.001,0.024,0.124,0.086,0.891,0,2
hsap2009,0,0.035,0,0.001,0.034,0.085,0.591,0.616,0,5
hsap2004,0,0.012,0,0,0.096,0.095,0.103,0.887,0,2
hsap2018,0,0,0,0.001,0,0.029,0.947,0.06,0,1
hsap2921,0,0.091,0,0.003,0.003,0.387,0.808,0.007,0,3
hsap4486,0,-0.222,0,0.013,0.417,0.093,0.053,0.925,0,1
dmel603,0,0.045,0,0.062,0.03,0.782,0.051,0.255,1,3
hsap1904,0,-0.024,0,0,0,0.088,0.093,0.873,0,2
dmel406,0,0.071,0,0.014,0,0.146,0.095,0.79,0,2
dmel480,0,-0.045,0,0,0.027,0.066,0.14,0.871,0,2
hsap3405,0,0.067,0,0.01,0,0.078,0.389,0.472,0,5
cele17574,0,0.2,0,0.034,0,0.211,0.1,0.658,0,3
hsap2608,0,0,0,0.03,0.039,0.157,0.074,0.77,0,2
hsap2470,0,0.048,1,0,0.059,0.124,0.037,0.929,0,1
hsap1964,0,-0.083,0,0,0.281,0.041,0.32,0.864,0,3
hsap4062,0,0.043,0,0.001,0,0.036,0.897,0.099,0,2
hsap4513,0,0.053,0,0.059,0,0.046,0.57,0.452,0,5
dmel1,0,-0.071,0,0,0,0.17,0.128,0.663,0,3
hsap838,0,0.12,0,0,0,0.151,0.094,0.83,0,2
hsap4745,0,0.049,0,0,0.003,0.013,0.964,0.128,0,1
hsap1712,0,-0.095,0,0,0.75,0.047,0.279,0.839,0,3
cele17605,0,-0.12,0,0,0.051,0.056,0.076,0.944,0,1
dmel318,0,0.013,0,0,0,0.658,0.027,0.463,1,5
dmel653,0,0.011,0,0.002,0.038,0.319,0.038,0.769,0,3
hsap3260,0,0.25,0,0.006,0,0.014,0.995,0.02,0,1
hsap4691,0,0.205,0,0.114,0,0.768,0.015,0.391,1,4
hsap4466,0,0.089,0,0.006,0,0.397,0.043,0.63,0,4
hsap1178,0,0.043,0,0.011,0,0.342,0.948,0.013,0,2
hsap2874,0,0.116,0,0.023,0,0.271,0.87,0.005,0,3
hsap3575,0,0.108,0,0.004,0,0.121,0.057,0.891,0,2
hsap4320,0,-0.031,0,0.001,0.15,0.013,0.429,0.831,0,3
hsap4141,0,0.056,1,0.012,0.25,0.041,0.86,0.141,0,2
hsap2076,0,-0.05,0,0.001,0.034,0.108,0.057,0.893,0,2
hsap4235,0,0.105,0,0.002,0.05,0.202,0.839,0.03,0,2
dmel197,0,0.181,0,0.002,0,0.09,0.095,0.861,0,2
hsap1717,0,0.16,0,0.28,0,0.759,0.038,0.18,1,3
hsap4472,0,0.088,0,0.002,0,0.265,0.024,0.841,0,3
dmel70,0,0.13,0,0.046,0.031,0.093,0.713,0.183,0,3
hsap1967,0,0.022,0,0,0.003,0.024,0.979,0.065,0,1
hsap1370,0,-0.151,0,0.001,0,0.055,0.079,0.924,0,1
dmel852,0,0.062,0,0.01,0,0.084,0.841,0.035,0,2
hsap2654,0,0,0,0.023,0,0.112,0.288,0.693,0,3
hsap1782,0,-0.058,0,0.001,0.333,0.045,0.646,0.463,0,5
hsap4707,0,-0.077,0,0,0,0.133,0.084,0.829,0,2
hsap1435,0,0.164,0,0,0,0.581,0.037,0.469,1,5
hsap4797,0,0.043,0,0.013,0.036,0.136,0.613,0.127,0,3
dmel279,0,0.133,0,0.006,0,0.179,0.276,0.507,0,4
hsap3785,0,0.028,0,0,0,0.022,0.953,0.047,0,1
cele23112,0,0.056,0,0,0,0.071,0.024,0.963,0,1
hsap4623,0,0,0,0.001,0.167,0.271,0.056,0.695,0,3
hsap1581,0,0.098,0,0.054,0,0.404,0.068,0.539,0,5
hsap4749,0,0.091,0,0,0,0.042,0.888,0.151,0,2
cele12046,0,0.07,0,0.005,0,0.097,0.646,0.299,0,4
cele17734,0,0,0,0,0,0.094,0.052,0.912,0,1
hsap2323,0,-0.049,0,0.008,0,0.25,0.033,0.817,0,3
cele20702,0,0.109,0,0.004,0,0.004,0.953,0.61,0,4
dmel165,0,-0.043,0,0,0,0.063,0.102,0.919,0,1
dmel648,0,0.353,0,0.168,0,0.22,0.492,0.266,0,4
hsap3032,0,-0.032,0,0.002,0.036,0.033,0.484,0.709,0,4
cele17281,0,-0.016,0,0.001,0,0.663,0.037,0.359,1,4
cele23460,0,0.154,0,0.133,0,0.153,0.53,0.261,0,4
hsap3194,0,-0.133,0,0,0,0.089,0.055,0.931,0,1
hsap3758,0,0.089,0,0.002,0.336,0.045,0.091,0.906,0,1
cele26018,0,0.042,0,0.047,0,0.038,0.89,0.12,0,2
cele7400,0,-0.026,0,0,0.354,0.096,0.063,0.893,0,2
hsap2762,0,-0.13,0,0,0,0.106,0.051,0.924,0,1
hsap3953,0,0.042,0,0.017,0,0.029,0.894,0.207,0,2
hsap4040,0,0.065,0,0.012,0,0.625,0.038,0.42,1,4
hsap805,0,0.065,0,0,0.625,0.148,0.06,0.885,0,2
hsap1318,0,0.017,0,0.002,0,0.386,0.107,0.392,0,5
hsap4189,0,0.146,0,0.003,0.062,0.124,0.754,0.018,0,2
hsap756,0,0.077,0,0,0,0.169,0.051,0.881,0,2
hsap443,0,-0.048,0,0,0,0.281,0.056,0.714,0,3
hsap2435,0,0.056,0,0.015,0.071,0.34,0.053,0.729,0,4
hsap1706,0,-0.057,0,0,0.026,0.014,0.982,0.047,0,1
hsap4163,0,0,0,0.001,0.007,0.035,0.355,0.788,0,3
hsap1788,0,-0.018,0,0,0.038,0.055,0.053,0.949,0,1
hsap4786,0,0.089,0,0.01,0,0.03,0.951,0.067,0,1
hsap911,0,-0.444,0,0,0,0.063,0.059,0.945,0,1
hsap2370,0,-0.079,0,0,0.544,0.024,0.739,0.52,0,4
hsap1053,0,0.09,0,0.039,0,0.153,0.746,0.04,0,3
dmel178,0,-0.268,0,0,0,0.079,0.029,0.945,0,1
hsap2741,0,0.016,0,0.002,0,0.159,0.062,0.86,0,2
dmel596,0,0,1,0,0.125,0.098,0.04,0.924,0,1
hsap366,0,0.056,0,0.012,0.03,0.026,0.906,0.152,0,2
hsap2231,0,-0.015,0,0,0.021,0.076,0.247,0.636,0,4
hsap2278,0,0,0,0,0,0.528,0.045,0.394,1,5
dmel883,0,0,0,0.004,0,0.135,0.795,0.048,0,2
dmel327,0,0.029,0,0.019,0,0.327,0.046,0.705,0,4
dmel910,0,0.016,0,0.012,0,0.074,0.964,0.011,0,1
hsap1253,0,0.118,0,0.015,0,0.789,0.039,0.311,1,3
hsap3624,0,0,0,0.003,0.373,0.03,0.461,0.665,0,4
hsap2909,0,0.016,0,0.003,0,0.049,0.252,0.796,0,3
hsap4245,0,0.091,0,0.036,0,0.537,0.608,0.039,0,5
dmel478,0,0.2,0,0.025,0.021,0.659,0.234,0.196,1,3
hsap3101,0,0.417,0,0.01,0,0.563,0.031,0.487,1,5
hsap993,0,0.138,0,0.029,0,0.472,0.092,0.254,1,4
hsap1549,0,0.143,0,0.06,0,0.098,0.031,0.933,0,1
cele26101,0,0.108,0,0,0.333,0.07,0.061,0.933,0,1
hsap4344,0,0.034,0,0.011,0,0.074,0.058,0.935,0,1
hsap2206,0,0.25,0,0.004,0,0.043,0.985,0.015,0,1
hsap2876,0,-0.357,0,0,0.007,0.062,0.072,0.938,0,1
hsap2730,0,0.04,0,0.009,0.003,0.188,0.86,0.016,0,2
dmel582,0,-0.03,0,0.003,0,0.082,0.112,0.899,0,2
hsap492,0,-0.035,0,0.005,0,0.134,0.047,0.912,0,2
cele9872,0,0,0,0,0.1,0.024,0.952,0.137,0,1
hsap4092,0,0.022,0,0.003,0.054,0.117,0.114,0.792,0,2
hsap3474,0,-0.038,0,0,0,0.133,0.039,0.892,0,2
dmel414,0,0.263,0,0.001,0,0.06,0.061,0.952,0,1
hsap2857,0,-0.154,0,0.002,0.016,0.113,0.079,0.88,0,2
hsap469,0,0.083,0,0.004,0,0.651,0.03,0.416,1,4
hsap1608,0,0.016,0,0,0,0.034,0.872,0.13,0,2
dmel333,0,0.087,0,0.015,0,0.115,0.406,0.505,0,5
hsap3965,0,0.034,0,0.004,0,0.03,0.946,0.05,0,1
hsap4610,0,0.019,0,0.014,0,0.059,0.555,0.48,0,5
hsap1259,0,-0.375,0,0.001,0,0.05,0.064,0.947,0,1
dmel62,0,0.176,0,0.085,0,0.677,0.073,0.19,1,3
hsap3380,0,-0.061,0,0.003,0,0.075,0.1,0.902,0,1
hsap1519,0,-0.014,0,0,0,0.294,0.038,0.757,0,3
hsap1876,0,0,0,0.005,0.763,0.167,0.073,0.823,0,2
hsap4823,0,0.023,0,0.008,0.054,0.073,0.063,0.926,0,1
hsap4414,0,0.021,0,0,0,0.175,0.226,0.556,0,4
cele27876,0,0,0,0.386,0,0.209,0.057,0.765,0,3
hsap3354,0,-0.091,0,0.022,0,0.103,0.056,0.896,0,2
hsap3658,0,0.044,0,0.001,0,0.015,0.994,0.019,0,1
dmel365,0,0,0,0,0,0.023,0.965,0.033,0,1
dmel317,0,0.039,0,0.003,0.017,0.666,0.013,0.578,1,5
hsap1552,0,0.087,0,0.026,0,0.603,0.044,0.442,1,5
dmel370,0,0.088,0,0.002,0,0.784,0.019,0.384,1,3
hsap1844,0,-0.056,0,0,0,0.029,0.416,0.77,0,4
hsap2916,0,0.114,1,0.002,0,0.118,0.032,0.924,0,1
hsap988,0,-0.108,0,0,0,0.094,0.227,0.471,0,4
dmel302,0,-0.083,0,0.004,0,0.099,0.073,0.885,0,2
hsap2477,0,-0.054,0,0.001,0,0.053,0.168,0.916,0,2
hsap3211,0,-0.051,0,0,0,0.079,0.167,0.776,0,2
hsap2110,0,-0.011,0,0.001,0,0.05,0.057,0.966,0,1
hsap2006,0,-0.045,0,0.002,0,0.099,0.084,0.84,0,2
dmel676,0,0.041,0,0.017,0.02,0.057,0.903,0.129,0,2
dmel11,0,0.152,0,0.06,0,0.672,0.035,0.353,1,4
hsap3509,0,-0.059,0,0,0,0.033,0.765,0.612,0,5
hsap3206,0,0.194,0,0.583,0,0.886,0.018,0.214,1,2
cele12836,0,0.081,0,0.007,0.008,0.032,0.925,0.059,0,1
hsap3555,0,0.045,0,0.031,0,0.167,0.266,0.739,0,3
dmel56,0,-0.059,0,0.009,0,0.092,0.056,0.928,0,1
dmel48,0,0.167,0,0.436,0,0.73,0.032,0.333,1,4
hsap3596,0,0.179,0,0.521,0.128,0.727,0.037,0.204,1,3
dmel876,0,0,0,0.001,0.031,0.009,0.979,0.09,0,1
hsap3648,0,0.031,0,0.014,0,0.033,0.96,0.031,0,1
hsap2528,0,0.049,0,0.022,0.333,0.485,0.126,0.349,1,5
hsap1820,0,0,0,0.003,0,0.084,0.232,0.721,0,3
cele26300,0,0,0,0.001,0,0.044,0.939,0.062,0,1
dmel24,0,-0.034,0,0.004,0,0.061,0.106,0.907,0,1
dmel60,0,-0.046,0,0.004,0,0.021,0.952,0.054,0,1
cele23258,0,0.08,0,0.001,0,0.026,0.942,0.09,0,1
hsap418,0,-0.034,0,0.004,0.026,0.022,0.953,0.064,0,1
cele13858,0,0.019,0,0.001,0.032,0.116,0.084,0.882,0,2
cele23599,0,0.034,0,0.004,0,0.021,0.961,0.066,0,1
dmel748,0,-0.083,0,0.001,0.03,0.098,0.084,0.858,0,2
hsap3329,0,0.075,0,0,0.027,0.43,0.113,0.413,1,5
hsap2595,0,-0.092,0,0.006,0.214,0.208,0.051,0.81,0,2
hsap2560,0,0,0,0.001,0,0.029,0.923,0.109,0,1
hsap2240,0,0.083,0,0.016,0.023,0.104,0.106,0.868,0,2
hsap511,0,0.014,0,0.009,0,0.07,0.952,0.018,0,1
hsap2617,0,0.061,0,0,0,0.008,0.985,0.095,0,1
hsap460,0,0.028,0,0.004,0,0.343,0.192,0.51,0,5
hsap1402,0,0.038,0,0,0,0.017,0.959,0.068,0,1
dmel369,0,0,0,0.005,0,0.055,0.136,0.885,0,2
hsap3924,0,0.1,0,0.011,0.045,0.068,0.911,0.035,0,1
dmel360,0,0.039,0,0.001,0.047,0.46,0.034,0.68,0,4
hsap2848,0,0.136,0,0,0,0.077,0.064,0.922,0,1
hsap1292,0,0.067,0,0.234,0.058,0.064,0.121,0.907,0,2
hsap2912,0,-0.052,1,0,0.5,0.077,0.062,0.929,0,1
hsap3941,0,0,0,0,0.125,0.01,0.984,0.04,0,1
hsap2656,0,0.095,0,0,0,0.338,0.028,0.756,0,3
hsap2036,0,0.056,0,0,0,0.431,0.017,0.653,0,4
dmel510,0,0.087,0,0.013,0,0.263,0.055,0.699,0,3
dmel814,0,0.089,0,0.003,0,0.174,0.141,0.607,0,3
hsap4424,0,0,0,0,0,0.014,0.915,0.444,0,3
hsap4733,0,0.031,0,0.002,0,0.013,0.974,0.049,0,1
cele13842,0,-0.042,0,0.051,0,0.111,0.126,0.791,0,2
hsap4391,0,-0.061,0,0.001,0,0.071,0.191,0.763,0,3
hsap4781,0,0.022,0,0,0.022,0.043,0.92,0.106,0,1
hsap2407,0,-0.011,0,0,0.025,0.023,0.972,0.05,0,1
hsap4631,0,0.056,0,0.002,0,0.156,0.056,0.854,0,2
hsap2663,0,0.042,0,0.056,0,0.753,0.127,0.187,1,3
dmel383,0,0.036,0,0.091,0,0.252,0.348,0.168,0,5
hsap3050,0,0,0,0.013,0.221,0.14,0.055,0.852,0,2
dmel67,0,0.026,0,0.006,0,0.029,0.906,0.113,0,2
hsap3637,0,-0.122,0,0,0,0.058,0.075,0.937,0,1
hsap3077,0,0,0,0.002,0.25,0.072,0.601,0.405,0,5
hsap4491,0,-0.054,0,0,0,0.138,0.303,0.672,0,4
hsap1438,0,0,0,0.001,0,0.045,0.961,0.036,0,1
hsap3373,0,-0.125,0,0,0,0.06,0.051,0.949,0,1
hsap2189,0,0.148,0,0.016,0,0.662,0.043,0.328,1,4
hsap4258,0,0.048,0,0,0.045,0.006,0.953,0.18,0,2
dmel358,0,-0.088,0,0.001,0.051,0.07,0.066,0.936,0,1
dmel243,0,0.029,0,0.005,0.011,0.023,0.941,0.066,0,1
hsap4254,0,0.111,0,0,0.071,0.055,0.928,0.039,0,1
hsap128,0,0.057,1,0.008,0,0.047,0.113,0.94,0,1
hsap2525,0,0.057,0,0.013,0.03,0.027,0.931,0.105,0,1
hsap4822,0,-0.014,0,0.007,0,0.106,0.146,0.787,0,2
hsap484,0,-0.015,0,0,0,0.211,0.041,0.815,0,2
hsap746,0,-0.074,0,0,0,0.058,0.064,0.942,0,1
cele25128,0,0.238,1,0.05,0.5,0.506,0.053,0.44,1,5
hsap1807,0,0.158,0,0.034,0,0.218,0.875,0.011,0,2
dmel737,0,0.037,0,0.001,0.145,0.084,0.098,0.833,0,2
hsap1055,0,0.059,0,0.013,0,0.249,0.261,0.547,0,4
hsap926,0,0,0,0.006,0,0.041,0.903,0.324,0,3
hsap2075,0,0.208,0,0.219,0.037,0.732,0.707,0.003,1,5
hsap4827,0,-0.065,0,0,0.011,0.056,0.094,0.924,0,1
hsap4020,0,-0.043,0,0,0.066,0.013,0.95,0.1,0,1
cele7770,0,0.167,1,0,0.1,0.016,0.975,0.04,0,1
hsap2683,0,0.333,0,0.332,0,0.854,0.026,0.189,1,2
dmel328,0,-0.014,0,0.036,0,0.393,0.019,0.744,0,4
hsap966,0,0.045,0,0.001,0,0.103,0.453,0.297,0,5
hsap909,0,-0.014,0,0,0,0.017,0.97,0.068,0,1
hsap3450,0,0.333,0,0.029,0.125,0.134,0.884,0.031,0,2
cele27689,0,-0.054,0,0,0,0.022,0.925,0.07,0,1
hsap1968,0,0,0,0,0,0.107,0.048,0.917,0,1
hsap2621,0,-0.016,0,0.002,0,0.353,0.124,0.313,1,5
hsap4467,0,-0.231,0,0.007,0,0.133,0.24,0.853,0,2
hsap2106,0,-0.105,0,0.002,0.233,0.065,0.07,0.918,0,1
hsap2390,0,-0.014,0,0,0,0.087,0.066,0.893,0,1
dmel703,0,0.192,0,0.679,0.25,0.669,0.015,0.431,1,4
dmel159,0,-0.057,0,0,0,0.014,0.935,0.057,0,1
hsap1140,0,-0.051,0,0,0.02,0.072,0.147,0.909,0,2
cele13878,0,-0.091,1,0,0,0.071,0.071,0.927,0,1
dmel641,0,-0.206,0,0.001,0.216,0.056,0.13,0.92,0,2
hsap1770,0,0.2,0,0.032,0,0.826,0.014,0.209,1,2
hsap3752,0,-0.171,0,0,0,0.066,0.099,0.921,0,1
hsap3844,0,-0.035,0,0,0.045,0.014,0.98,0.055,0,1
dmel64,0,0.049,0,0.003,0,0.081,0.89,0.049,0,1
hsap129,0,0.15,0,0.097,0,0.541,0.128,0.293,1,4
hsap532,0,-0.024,0,0.008,0,0.023,0.942,0.082,0,1
hsap3051,0,0,0,0.001,0,0.028,0.371,0.831,0,3
hsap2935,0,0,0,0.001,0,0.061,0.08,0.928,0,1
hsap4537,0,0.069,0,0.229,0,0.232,0.563,0.041,0,4
hsap2684,0,-0.045,0,0.002,0,0.07,0.077,0.919,0,1
dmel840,0,-0.03,0,0.006,0,0.037,0.318,0.881,0,3
hsap2546,0,-0.194,0,0.001,0,0.071,0.152,0.821,0,2
hsap1778,0,-0.1,0,0,0.071,0.095,0.096,0.897,0,1
dmel779,0,-0.02,0,0.027,0.833,0.14,0.086,0.835,0,2
hsap44,0,0.2,0,0.248,0.026,0.548,0.491,0.035,1,5
dmel246,0,0.071,0,0.075,0,0.038,0.758,0.214,0,3
dmel605,0,0.103,0,0.011,0,0.329,0.105,0.568,0,4
hsap1534,0,0.067,0,0.002,0,0.192,0.243,0.535,0,4
hsap1588,0,0.167,0,0.04,0,0.2,0.193,0.638,0,3
hsap2585,0,-0.069,0,0.001,0,0.092,0.074,0.884,0,2
hsap2970,0,0.091,0,0.005,0.028,0.098,0.093,0.87,0,2
hsap1332,0,0.074,0,0.001,0,0.191,0.838,0.019,0,2
hsap3218,0,0.023,1,0.016,0.25,0.034,0.555,0.596,0,5
dmel199,0,0,0,0.003,0,0.024,0.919,0.072,0,1
hsap4200,0,0,0,0.001,0.02,0.094,0.061,0.885,0,2
dmel239,0,0.037,0,0.006,0,0.03,0.983,0.037,0,1
hsap1988,0,0.146,0,0.014,0.25,0.387,0.803,0.021,0,3
hsap886,0,0.273,0,0.178,0,0.585,0.061,0.381,1,4
hsap2102,0,0.067,0,0.022,0,0.09,0.533,0.401,0,5
hsap542,0,0.029,0,0.013,0,0.236,0.064,0.786,0,3
dmel570,0,0.05,0,0.005,0.002,0.242,0.098,0.628,0,4
cele20385,0,0.103,0,0.042,0,0.179,0.513,0.485,0,5
hsap4744,0,0,0,0,0.128,0.194,0.052,0.807,0,2
cele168,0,-0.077,0,0.001,0,0.09,0.051,0.936,0,1
dmel870,0,0.057,0,0.006,0,0.023,0.934,0.076,0,1
hsap1610,0,-0.172,0,0,0,0.086,0.157,0.887,0,2
dmel272,0,0.054,0,0.003,0,0.229,0.115,0.663,0,3
hsap3331,0,0.083,0,0.032,0.171,0.65,0.077,0.342,1,4
hsap1483,0,0,0,0.002,0,0.004,0.993,0.107,0,1
hsap286,0,-0.055,0,0,0.026,0.032,0.918,0.15,0,2
hsap4105,0,0.019,0,0,0,0.009,0.981,0.124,0,1
dmel319,0,0.118,0,0.631,0.037,0.695,0.034,0.401,1,4
cele8566,0,-0.016,0,0.001,0,0.096,0.04,0.93,0,1
hsap3464,0,0,0,0,0,0.007,0.993,0.045,0,1
dmel810,0,0.021,0,0.001,0,0.038,0.925,0.104,0,1
cele10199,0,-0.028,0,0.001,0,0.05,0.069,0.959,0,1
hsap4219,0,0.087,0,0.017,0.03,0.043,0.955,0.055,0,1
hsap4306,0,0.125,0,0.009,0,0.134,0.905,0.017,0,2
hsap2313,0,0.018,0,0.02,0,0.054,0.922,0.101,0,1
hsap3546,0,0.061,0,0.01,0,0.065,0.512,0.585,0,5
hsap2308,0,0.076,0,0,0.032,0.254,0.02,0.879,0,2
hsap2345,0,-0.074,0,0,0.003,0.116,0.491,0.522,0,5
hsap4142,0,0,0,0.002,0,0.024,0.968,0.067,0,1
hsap1641,0,0.154,0,0,0,0.576,0.293,0.187,1,4
cele20780,0,0.022,0,0.001,0,0.042,0.988,0.026,0,1
dmel468,0,0.118,0,0.006,0.051,0.392,0.025,0.751,0,4
hsap810,0,-0.1,0,0,0,0.074,0.083,0.909,0,1
hsap4268,0,0,0,0.02,0,0.037,0.878,0.169,0,2
hsap964,0,-0.023,0,0,0,0.14,0.099,0.79,0,2
dmel860,0,-0.026,0,0,0,0.03,0.843,0.242,0,2
hsap2311,0,0.029,0,0,0.176,0.016,0.995,0.022,0,1
hsap3512,0,-0.5,0,0,0.038,0.076,0.043,0.956,0,1
cele25352,0,0,0,0,0,0.293,0.037,0.735,0,3
hsap3455,0,-0.085,0,0,0.104,0.067,0.133,0.916,0,2
hsap4212,0,-0.058,0,0.001,0,0.05,0.388,0.57,0,5
hsap1459,0,-0.063,0,0.001,0.259,0.035,0.302,0.813,0,3
dmel120,0,0,0,0.034,0,0.041,0.851,0.077,0,2
cele13719,0,-0.081,0,0.001,0,0.065,0.282,0.81,0,3
hsap2069,0,0.031,0,0,0.055,0.068,0.196,0.783,0,3
hsap2199,0,0.05,0,0.022,0,0.038,0.959,0.022,0,1
hsap2937,0,0.081,0,0.011,0.067,0.23,0.365,0.412,0,5
hsap4183,0,0.115,0,0.002,0.321,0.623,0.035,0.51,1,5
cele4486,0,-0.045,0,0.003,0,0.137,0.127,0.71,0,3
dmel193,0,0.111,0,0.009,0,0.434,0.039,0.65,0,4
hsap4800,0,-0.11,0,0,0.038,0.073,0.077,0.942,0,1
hsap3107,0,0.04,0,0,0.033,0.146,0.815,0.027,0,2
hsap3384,0,-0.127,0,0,0.75,0.083,0.291,0.691,0,3
cele5041,0,0.049,0,0.027,0,0.04,0.573,0.663,0,5
cele26925,0,0.056,0,0.117,0,0.808,0.04,0.209,1,3
hsap1623,0,0.1,0,0,0.007,0.323,0.041,0.719,0,4
hsap1612,0,0,0,0.002,0,0.239,0.124,0.633,0,4
hsap804,0,-0.138,0,0,0.007,0.063,0.115,0.911,0,2
hsap4445,0,0,0,0.006,0,0.078,0.162,0.799,0,2
hsap3541,0,-0.097,0,0.01,0,0.103,0.07,0.882,0,2
hsap1436,0,0.014,0,0,0,0.057,0.087,0.944,0,1
hsap2157,0,0.083,0,0.052,0.536,0.706,0.345,0.047,1,4
hsap3469,0,-0.081,0,0,0.011,0.061,0.16,0.848,0,2
hsap4758,0,0.02,1,0,0.327,0.011,0.984,0.047,0,1
hsap3395,0,0.129,0,0.554,0.5,0.368,0.795,0.007,0,3
dmel819,0,0.037,0,0.002,0,0.107,0.054,0.92,0,1
hsap3332,0,0.034,0,0,0,0.147,0.053,0.879,0,2
hsap4172,0,0.1,0,0.012,0,0.214,0.887,0.009,0,2
hsap4157,0,0.1,0,0.009,0.045,0.029,0.955,0.042,0,1
hsap553,0,-0.02,0,0,0,0.067,0.054,0.948,0,1
hsap2847,0,0.061,0,0,0,0.028,0.968,0.028,0,1
hsap1864,0,0.231,0,0.017,1,0.256,0.081,0.778,0,3
hsap4496,0,0.09,0,0.03,0,0.429,0.167,0.393,1,5
dmel124,0,0.033,0,0.001,0.011,0.055,0.929,0.029,0,1
cele4679,0,0,0,0.004,0,0.072,0.064,0.932,0,1
dmel854,0,0,0,0,0,0.053,0.071,0.959,0,1
dmel119,0,-0.136,0,0.001,0.026,0.056,0.089,0.913,0,1
hsap46,0,0.017,0,0.013,0.026,0.023,0.944,0.063,0,1
dmel586,0,0.021,0,0.001,0,0.011,0.982,0.042,0,1
hsap4525,0,0.141,0,0.015,0,0.313,0.047,0.702,0,4
cele20809,0,-0.042,0,0,0,0.072,0.053,0.947,0,1
hsap1310,0,0.083,0,0.067,0,0.756,0.054,0.271,1,3
hsap3792,0,0.154,0,0.005,0,0.031,0.952,0.063,0,1
dmel158,0,0.022,0,0.058,0,0.093,0.893,0.054,0,2
hsap1763,0,0.013,0,0.001,0,0.136,0.435,0.444,0,5
dmel808,0,-0.054,0,0.002,0,0.022,0.959,0.079,0,1
dmel90,0,0.167,0,0.001,0,0.05,0.907,0.062,0,1
dmel888,0,-0.111,0,0,0,0.179,0.046,0.819,0,2
hsap3973,0,-0.02,1,0.004,0.5,0.01,0.995,0.028,0,1
hsap3245,0,0.216,0,0.001,0,0.248,0.046,0.771,0,3
hsap2670,0,0.154,0,0.016,0.027,0.189,0.057,0.814,0,2
hsap1311,0,-0.032,0,0.002,0.079,0.048,0.642,0.337,0,4
hsap1410,0,0.214,0,0.182,0,0.711,0.037,0.315,1,4
hsap3501,0,0.019,0,0.007,0.244,0.035,0.254,0.931,0,2
hsap2237,0,0.032,0,0.004,0,0.069,0.09,0.857,0,2
hsap1952,0,0,0,0.001,0,0.121,0.137,0.839,0,2
hsap3419,0,0.056,0,0.003,0,0.093,0.103,0.884,0,2
hsap4435,0,-0.3,0,0.009,0.052,0.07,0.082,0.919,0,1
hsap1286,0,0.074,0,0.025,0.008,0.235,0.038,0.809,0,3
dmel157,0,0.08,0,0.064,0,0.298,0.093,0.707,0,3
hsap2068,0,0,0,0,0.05,0.018,0.966,0.086,0,1
dmel470,0,0.033,0,0.008,0,0.636,0.045,0.395,1,4
hsap2461,0,0.019,0,0.019,0.333,0.071,0.086,0.894,0,1
dmel118,0,0.04,0,0,0,0.061,0.377,0.767,0,4
hsap2385,0,0.056,0,0.005,0.033,0.027,0.964,0.038,0,1
hsap767,0,0,0,0.284,0,0.311,0.157,0.48,0,5
hsap4171,0,0.043,0,0.002,0.015,0.067,0.87,0.038,0,1
hsap2065,0,0.094,0,0.012,0.028,0.788,0.052,0.153,1,2
hsap2694,0,0.5,0,0,0.074,0.036,0.925,0.055,0,1
hsap3478,0,-0.059,0,0.001,0.244,0.018,0.618,0.845,0,4
hsap2679,0,-0.044,0,0,0.028,0.072,0.089,0.901,0,1
cele1772,0,-0.5,0,0,0,0.075,0.046,0.95,0,1
hsap311,0,0.5,0,0.033,0,0.114,0.899,0.016,0,2
hsap521,0,0.014,0,0,0,0.023,0.928,0.104,0,1
dmel657,0,-0.071,0,0.002,0,0.015,0.891,0.15,0,2
dmel32,0,0.077,0,0.011,0,0.308,0.032,0.783,0,3
dmel9,0,-0.054,0,0.001,0,0.013,0.962,0.075,0,1
cele11740,0,-0.114,0,0,0,0.075,0.056,0.932,0,1
dmel843,0,-0.076,0,0,0,0.073,0.081,0.922,0,1
hsap1409,0,0.023,0,0.006,0,0.235,0.131,0.58,0,4
hsap4798,0,-0.023,0,0,0.036,0.029,0.829,0.18,0,2
hsap4080,0,-0.037,0,0,0,0.066,0.953,0.043,0,1
dmel93,0,-0.062,0,0,0,0.084,0.054,0.943,0,1
hsap3157,0,0,0,0.114,0,0.283,0.027,0.757,0,3
hsap2500,0,-0.045,0,0,0,0.136,0.013,0.926,0,2
hsap1506,0,0,0,0.004,0,0.094,0.074,0.89,0,2
hsap4148,0,0.091,0,0.012,0,0.107,0.899,0.017,0,2
hsap2001,0,-0.111,0,0,0.003,0.083,0.144,0.845,0,2
hsap2271,0,-0.088,0,0.001,0.021,0.024,0.835,0.274,0,3
hsap498,0,-0.13,0,0,0,0.049,0.133,0.87,0,2
hsap596,0,0.143,0,0.728,0,0.787,0.064,0.174,1,2
dmel579,0,0.07,0,0.002,0,0.049,0.936,0.026,0,1
hsap2420,0,0.105,0,0.01,0.244,0.152,0.111,0.751,0,3
cele22120,0,-0.058,0,0,0.155,0.093,0.058,0.91,0,1
hsap2366,0,0.064,0,0,0,0.031,0.949,0.034,0,1
cele11012,0,-0.277,0,0,0,0.066,0.054,0.949,0,1
hsap536,0,0,0,0,0,0.061,0.053,0.956,0,1
dmel681,0,0.042,0,0.134,0,0.057,0.641,0.242,0,4
hsap2529,0,0.186,0,0.013,0.024,0.292,0.053,0.716,0,3
dmel133,0,0.087,0,0.031,0.775,0.081,0.063,0.925,0,1
dmel4,0,0.073,0,0.094,0.129,0.225,0.102,0.757,0,3
hsap3044,0,0.023,0,0.02,0,0.245,0.056,0.731,0,3
hsap1524,0,0.055,0,0.023,0,0.263,0.105,0.724,0,3
